1,0,0,1,0.2,0.2,0.2,0.2,0.2,0,0,1,0,0,1,0,0,1,0.2,0.2,0.2,0.2,0.2,0,0,1,0,0,1,0,0,1,0.2,0.2,0.2,0.2,0.2,0,0,1,0,0,1,0,0,1,0.2,0.2,0.2,0.2,0.2,0,0,1,0,0,1,0,0,1,0.2,0.2,0.2,0.2,0.2,0,0,1,0,0,1,0,0,1,0.2,0.2,0.2,0.2,0.2,0,0,1,0,0,1,0,0,1,0.2,0.2,0.2,0.2,0.2,0,0,1,0,0,1,0,0,1,0.2,0.2,0.2,0.2,0.2,0,0,1,0,0,1,0,0,1,0.2,0.2,0.2,0.2,0.2,0,0,1,0,0,1,0,0,1,0.2,0.2,0.2,0.2,0.2,0,0,1,0,0
1,0,0,1,0.2,0.2,0.2,0.2,0.2,0,0,1,0,0,1,0,0,1,0.2,0.2,0.2,0.2,0.2,0,0,1,0,0,1,0,0,1,0.2,0.2,0.2,0.2,0.2,0,0,1,0,0,1,0,0,1,0.2,0.2,0.2,0.2,0.2,0,0,1,0,0,1,0,1,0,0,0,1,0,0,0.2,0.2,0.2,0.2,0.2,1,0,0,1,0.2,0.2,0.2,0.2,0.2,0,0,1,0,0,1,0,0,1,0.2,0.2,0.2,0.2,0.2,0,0,1,0,0,1,0,0,1,0.2,0.2,0.2,0.2,0.2,0,0,1,0,0,1,0,1,0,0,0,1,0,0,0.2,0.2,0.2,0.2,0.2,1,0,1,0,0,0,1,0,0,0.2,0.2,0.2,0.2,0.2
1,0,1,0,0,1,0,0,0,0.2,0.2,0.2,0.2,0.2,1,0,0,1,0.2,0.2,0.2,0.2,0.2,0,1,0,0,0,1,0,0,1,0.2,0.2,0.2,0.2,0.2,0,1,0,0,0,1,0,1,0,0,1,0,0,0,0.2,0.2,0.2,0.2,0.2,1,0,0.9999999999999992,8.438705328599915E-16,0,1,0,0,0,0,0,1,0,0,1,0,0.038485695462177956,0.9615143045378222,0,1,0,0,0,0,1,0,0,0,1,0,1,0,0,1,0,0,0,0.2,0.2,0.2,0.2,0.2,1,0,0,1,0.2,0.2,0.2,0.2,0.2,0,1,0,0,0,1,0,0,1,0.2,0.2,0.2,0.2,0.2,0,1,0,0,0,1,0,1,0,0,1,0,0,0,0.2,0.2,0.2,0.2,0.2
1,0,1,0,0,0,1,0,0,0.2,0.2,0.2,0.2,0.2,1,0,0,1,0.2,0.2,0.2,0.2,0.2,0,0,1,0,0,1,0,0.3867145983568449,0.6132854016431551,0,0,1,0,0,0,0,1,0,0,1,0,1,0,0,0,1,0,0,0.2,0.2,0.2,0.2,0.2,1,0,1,0,0,0,1,0,0,0.2,0.2,0.2,0.2,0.2,1,0,0.9999999999999992,8.696651449420608E-16,0,0,1,0,0,0,1,0,0,0,1,0,1,0,0,0,1,0,0,0,0,1,0,0,1,0,1,0,0,0,1,0,0,0.2,0.2,0.2,0.2,0.2,1,0,0,1,0.2,0.2,0.2,0.2,0.2,0,0,1,0,0,1,0,0,1,0.2,0.2,0.2,0.2,0.2,0,0,1,0,0
1,0,0,1,0.2,0.2,0.2,0.2,0.2,0,0,1,0,0,1,0,0,1,0.2,0.2,0.2,0.2,0.2,0,0,1,0,0,1,0,0,1,0.2,0.2,0.2,0.2,0.2,0,0,1,0,0,1,0,0,1,0.2,0.2,0.2,0.2,0.2,0,0,1,0,0,1,0,0,1,0.2,0.2,0.2,0.2,0.2,0,0,1,0,0,1,0,1,0,0,0,1,0,0,0.2,0.2,0.2,0.2,0.2,1,0,1,0,0,0,1,0,0,0.2,0.2,0.2,0.2,0.2,1,0,0,1,0.2,0.2,0.2,0.2,0.2,0,0,1,0,0,1,0,1,0,0,0,1,0,0,0.2,0.2,0.2,0.2,0.2,1,0,0,1,0.2,0.2,0.2,0.2,0.2,0,0,1,0,0
1,0,0,1,0.2,0.2,0.2,0.2,0.2,0,0,1,0,0,1,0,0,1,0.2,0.2,0.2,0.2,0.2,0,0,1,0,0,1,0,0,1,0.2,0.2,0.2,0.2,0.2,0,0,1,0,0,1,0,0,1,0.2,0.2,0.2,0.2,0.2,0,0,1,0,0,1,0,1,0,0,0,1,0,0,0.2,0.2,0.2,0.2,0.2,1,0,0,1,0.2,0.2,0.2,0.2,0.2,0,0,1,0,0,1,0,0,1,0.2,0.2,0.2,0.2,0.2,0,0,1,0,0,1,0,0,1,0.2,0.2,0.2,0.2,0.2,0,0,1,0,0,1,0,0,1,0.2,0.2,0.2,0.2,0.2,0,0,1,0,0,1,0,0,1,0.2,0.2,0.2,0.2,0.2,0,0,1,0,0
1,0,0,1,0.2,0.2,0.2,0.2,0.2,0,1,0,0,0,1,0,1,0,0,1,0,0,0,0.2,0.2,0.2,0.2,0.2,1,0,1,0,0,1,0,0,0,0.2,0.2,0.2,0.2,0.2,1,0,0,1,0.2,0.2,0.2,0.2,0.2,0,1,0,0,0,1,0,0.9999999999999996,5.650000519163036E-16,0,1,0,0,0,0,0,0,0,1,1,0,1,0,0,1,0,0,0,0.2,0.2,0.2,0.2,0.2,1,0,1,0,0,1,0,0,0,0.2,0.2,0.2,0.2,0.2,1,0,0,1,0.2,0.2,0.2,0.2,0.2,0,1,0,0,0,1,0,0.057676115817694704,0.9423238841823054,0,1,0,0,0,0,1,0,0,0,1,0,0,1,0.2,0.2,0.2,0.2,0.2,0,1,0,0,0
1,0,1,0,0,0,1,0,0,0.2,0.2,0.2,0.2,0.2,1,0,1,0,0,0,1,0,0,0.2,0.2,0.2,0.2,0.2,1,0,1,0,0,0,1,0,0,0.2,0.2,0.2,0.2,0.2,1,0,0,1,0.2,0.2,0.2,0.2,0.2,0,0,1,0,0,1,0,0,1,0.2,0.2,0.2,0.2,0.2,0,0,1,0,0,1,0,0,1,0.2,0.2,0.2,0.2,0.2,0,0,1,0,0,1,0,0,1,0.2,0.2,0.2,0.2,0.2,0,0,1,0,0,1,0,1,0,0,0,1,0,0,0.2,0.2,0.2,0.2,0.2,1,0,0,1,0.2,0.2,0.2,0.2,0.2,0,0,1,0,0,1,0,1,0,0,0,1,0,0,0.2,0.2,0.2,0.2,0.2
1,0,0,1,0.2,0.2,0.2,0.2,0.2,0,0,1,0,0,1,0,1,0,0,0,1,0,0,0.2,0.2,0.2,0.2,0.2,1,0,1,0,0,0,1,0,0,0.2,0.2,0.2,0.2,0.2,1,0,1,0,0,0,1,0,0,0.2,0.2,0.2,0.2,0.2,1,0,0.22884391296383277,0.7711560870361672,0,0,1,0,0,0,0,1,0,0,1,0,1,4.234167833767045E-17,0,0,1,0,0,1,0,0,0,0,1,0,1,0,0,0,1,0,0,0.2,0.2,0.2,0.2,0.2,1,0,0,1,0.2,0.2,0.2,0.2,0.2,0,0,1,0,0,1,0,0,1,0.2,0.2,0.2,0.2,0.2,0,0,1,0,0,1,0,0,1,0.2,0.2,0.2,0.2,0.2,0,0,1,0,0
1,0,1,0,0,0,1,0,0,0.2,0.2,0.2,0.2,0.2,1,0,1,0,0,0,1,0,0,0.2,0.2,0.2,0.2,0.2,1,0,0,1,0.2,0.2,0.2,0.2,0.2,0,0,1,0,0,1,0,1,0,0,0,1,0,0,0.2,0.2,0.2,0.2,0.2,1,0,0.3314191202888001,0.6685808797112,0,0,1,0,0,0,0,1,0,0,1,0,1,1.138650249523134E-16,0,0,1,0,0,0,1,0,0,0,1,0,0,1,0.2,0.2,0.2,0.2,0.2,0,0,1,0,0,1,0,1,0,0,0,1,0,0,0.2,0.2,0.2,0.2,0.2,1,0,0,1,0.2,0.2,0.2,0.2,0.2,0,0,1,0,0,1,0,1,0,0,0,1,0,0,0.2,0.2,0.2,0.2,0.2
1,0,0,1,0.2,0.2,0.2,0.2,0.2,0,0,1,0,0,1,0,1,0,0,0,1,0,0,0.2,0.2,0.2,0.2,0.2,1,0,1,0,0,0,1,0,0,0.2,0.2,0.2,0.2,0.2,1,0,1,0,0,0,1,0,0,0.2,0.2,0.2,0.2,0.2,1,0,0,1,0.2,0.2,0.2,0.2,0.2,0,0,1,0,0,1,0,1,0,0,0,1,0,0,0.2,0.2,0.2,0.2,0.2,1,0,0,1,0.2,0.2,0.2,0.2,0.2,0,0,1,0,0,1,0,0,1,0.2,0.2,0.2,0.2,0.2,0,0,1,0,0,1,0,1,0,0,0,1,0,0,0.2,0.2,0.2,0.2,0.2,1,0,1,0,0,0,1,0,0,0.2,0.2,0.2,0.2,0.2
1,0,0,1,0.2,0.2,0.2,0.2,0.2,0,0,1,0,0,1,0,0,1,0.2,0.2,0.2,0.2,0.2,0,0,1,0,0,1,0,0,1,0.2,0.2,0.2,0.2,0.2,0,0,1,0,0,1,0,0,1,0.2,0.2,0.2,0.2,0.2,0,0,1,0,0,1,0,0,1,0.2,0.2,0.2,0.2,0.2,0,0,1,0,0,1,0,0,1,0.2,0.2,0.2,0.2,0.2,0,0,1,0,0,1,0,0,1,0.2,0.2,0.2,0.2,0.2,0,0,1,0,0,1,0,0,1,0.2,0.2,0.2,0.2,0.2,0,0,1,0,0,1,0,0,1,0.2,0.2,0.2,0.2,0.2,0,0,1,0,0,1,0,0,1,0.2,0.2,0.2,0.2,0.2,0,0,1,0,0
1,0,0,1,0.2,0.2,0.2,0.2,0.2,0,0,1,0,0,1,0,0,1,0.2,0.2,0.2,0.2,0.2,0,0,1,0,0,1,0,0,1,0.2,0.2,0.2,0.2,0.2,0,0,1,0,0,1,0,0,1,0.2,0.2,0.2,0.2,0.2,0,0,1,0,0,1,0,0,1,0.2,0.2,0.2,0.2,0.2,0,0,1,0,0,1,0,0,1,0.2,0.2,0.2,0.2,0.2,0,0,1,0,0,1,0,1,0,0,0,1,0,0,0.2,0.2,0.2,0.2,0.2,1,0,0,1,0.2,0.2,0.2,0.2,0.2,0,0,1,0,0,1,0,1,0,0,0,1,0,0,0.2,0.2,0.2,0.2,0.2,1,0,0,1,0.2,0.2,0.2,0.2,0.2,0,0,1,0,0
1,0,0,1,0.2,0.2,0.2,0.2,0.2,0,0,0,1,0,1,0,0,1,0.2,0.2,0.2,0.2,0.2,0,0,0,1,0,1,0,0,1,0.2,0.2,0.2,0.2,0.2,0,0,0,1,0,1,0,0,1,0.2,0.2,0.2,0.2,0.2,0,0,0,1,0,1,0,0,1,0.2,0.2,0.2,0.2,0.2,0,0,0,1,0,1,0,0,1,0.2,0.2,0.2,0.2,0.2,0,0,0,1,0,1,0,0,1,0.2,0.2,0.2,0.2,0.2,0,0,0,1,0,1,0,1,0,0,0,0,1,0,0,0,0,1,0,1,0,0,1,0.2,0.2,0.2,0.2,0.2,0,0,0,1,0,1,0,0,1,0.2,0.2,0.2,0.2,0.2,0,0,0,1,0
1,0,1,0,0,1,0,0,0,0.2,0.2,0.2,0.2,0.2,1,0,0,1,0.2,0.2,0.2,0.2,0.2,0,1,0,0,0,1,0,0,1,0.2,0.2,0.2,0.2,0.2,0,1,0,0,0,1,0,1,0,0,1,0,0,0,0.2,0.2,0.2,0.2,0.2,1,0,0,1,0.2,0.2,0.2,0.2,0.2,0,1,0,0,0,1,0,1,0,0,1,0,0,0,0.2,0.2,0.2,0.2,0.2,1,0,0,1,0.2,0.2,0.2,0.2,0.2,0,1,0,0,0,1,0,5.479697743431912E-16,0.9999999999999996,0,1,0,0,0,0,1,0,0,0,1,0,1,0,0,1,0,0,0,0.2,0.2,0.2,0.2,0.2,1,0,0,1,0.2,0.2,0.2,0.2,0.2,0,1,0,0,0
1,0,0,1,0.2,0.2,0.2,0.2,0.2,0,0,1,0,0,1,0,1,0,0,0,1,0,0,0.2,0.2,0.2,0.2,0.2,1,0,1,0,0,0,1,0,0,0.2,0.2,0.2,0.2,0.2,1,0,0.29319904688596843,0.7068009531140317,0,0,1,0,0,0,0,1,0,0,1,0,1,4.8162594566069116E-17,0,0,1,0,0,0,0,0,1,0,1,0,0.2946007840916545,0.7053992159083455,0,0,1,0,0,3.5494886325047063E-16,0,0.9999999999999997,0,0,1,0,0,1,0.2,0.2,0.2,0.2,0.2,0,0,1,0,0,1,0,1,0,0,0,1,0,0,0.2,0.2,0.2,0.2,0.2,1,0,1,0,0,0,1,0,0,0.2,0.2,0.2,0.2,0.2,1,0,1,0,0,0,1,0,0,0.2,0.2,0.2,0.2,0.2
1,0,0,1,0.2,0.2,0.2,0.2,0.2,0,0,1,0,0,1,0,1,0,0,0,1,0,0,0.2,0.2,0.2,0.2,0.2,1,0,0,1,0.2,0.2,0.2,0.2,0.2,0,0,1,0,0,1,0,0.30328773139158355,0.6967122686084164,0,0,1,0,0,0,0,1,0,0,1,0,1,0,0,0,1,0,0,0.2,0.2,0.2,0.2,0.2,1,0,0,1,0.2,0.2,0.2,0.2,0.2,0,0,1,0,0,1,0,0,1,0.2,0.2,0.2,0.2,0.2,0,0,1,0,0,1,0,0,1,0.2,0.2,0.2,0.2,0.2,0,0,1,0,0,1,0,0,1,0.2,0.2,0.2,0.2,0.2,0,0,1,0,0,1,0,0,1,0.2,0.2,0.2,0.2,0.2,0,0,1,0,0
1,0,0,1,0.2,0.2,0.2,0.2,0.2,0,0,1,0,0,1,0,1,0,0,0,1,0,0,0.2,0.2,0.2,0.2,0.2,1,0,1,0,0,0,1,0,0,0.2,0.2,0.2,0.2,0.2,1,0,1,0,0,0,1,0,0,0.2,0.2,0.2,0.2,0.2,1,0,0.2288439129638331,0.771156087036167,0,0,1,0,0,0,0,1,0,0,1,0,1,4.75007247915929E-17,0,0,1,0,0,0,1,0,0,0,1,0,0,1,0.2,0.2,0.2,0.2,0.2,0,0,1,0,0,1,0,0,1,0.2,0.2,0.2,0.2,0.2,0,0,1,0,0,1,0,1,0,0,0,1,0,0,0.2,0.2,0.2,0.2,0.2,1,0,1,0,0,0,1,0,0,0.2,0.2,0.2,0.2,0.2
1,0,0,1,0.2,0.2,0.2,0.2,0.2,0,0,1,0,0,1,0,0,1,0.2,0.2,0.2,0.2,0.2,0,0,1,0,0,1,0,0,1,0.2,0.2,0.2,0.2,0.2,0,0,1,0,0,1,0,0,1,0.2,0.2,0.2,0.2,0.2,0,0,1,0,0,1,0,1,0,0,0,1,0,0,0.2,0.2,0.2,0.2,0.2,1,0,0,1,0.2,0.2,0.2,0.2,0.2,0,0,1,0,0,1,0,0,1,0.2,0.2,0.2,0.2,0.2,0,0,1,0,0,1,0,0,1,0.2,0.2,0.2,0.2,0.2,0,0,1,0,0,1,0,0,1,0.2,0.2,0.2,0.2,0.2,0,0,1,0,0,1,0,1,0,0,0,1,0,0,0.2,0.2,0.2,0.2,0.2
1,0,0,1,0.2,0.2,0.2,0.2,0.2,0,0,1,0,0,1,0,1,0,0,0,1,0,0,0.2,0.2,0.2,0.2,0.2,1,0,1,0,0,0,1,0,0,0.2,0.2,0.2,0.2,0.2,1,0,1,0,0,0,1,0,0,0.2,0.2,0.2,0.2,0.2,1,0,0,1,0.2,0.2,0.2,0.2,0.2,0,0,1,0,0,1,0,0,1,0.2,0.2,0.2,0.2,0.2,0,0,1,0,0,1,0,0,1,0.2,0.2,0.2,0.2,0.2,0,0,1,0,0,1,0,1,0,0,0,1,0,0,0.2,0.2,0.2,0.2,0.2,1,0,1,0,0,0,1,0,0,0.2,0.2,0.2,0.2,0.2,1,0,1,0,0,0,1,0,0,0.2,0.2,0.2,0.2,0.2
1,0,1,0,0,0,1,0,0,0.2,0.2,0.2,0.2,0.2,1,0,0,1,0.2,0.2,0.2,0.2,0.2,0,0,1,0,0,1,0,0,1,0.2,0.2,0.2,0.2,0.2,0,0,1,0,0,1,0,0,1,0.2,0.2,0.2,0.2,0.2,0,0,1,0,0,1,0,0,1,0.2,0.2,0.2,0.2,0.2,0,0,1,0,0,1,0,0,1,0.2,0.2,0.2,0.2,0.2,0,0,1,0,0,1,0,1,0,0,0,1,0,0,0.2,0.2,0.2,0.2,0.2,1,0,1,0,0,0,1,0,0,0.2,0.2,0.2,0.2,0.2,1,0,1,0,0,0,1,0,0,0.2,0.2,0.2,0.2,0.2,1,0,0,1,0.2,0.2,0.2,0.2,0.2,0,0,1,0,0
1,0,0,1,0.2,0.2,0.2,0.2,0.2,0,0,1,0,0,1,0,0,1,0.2,0.2,0.2,0.2,0.2,0,0,1,0,0,1,0,0,1,0.2,0.2,0.2,0.2,0.2,0,0,1,0,0,1,0,1,0,0,0,1,0,0,0.2,0.2,0.2,0.2,0.2,1,0,0,1,0.2,0.2,0.2,0.2,0.2,0,0,1,0,0,1,0,0,1,0.2,0.2,0.2,0.2,0.2,0,0,1,0,0,1,0,0,1,0.2,0.2,0.2,0.2,0.2,0,0,1,0,0,1,0,0,1,0.2,0.2,0.2,0.2,0.2,0,0,1,0,0,1,0,0,1,0.2,0.2,0.2,0.2,0.2,0,0,1,0,0,1,0,1,0,0,0,1,0,0,0.2,0.2,0.2,0.2,0.2
1,0,0,1,0.2,0.2,0.2,0.2,0.2,0,0,1,0,0,1,0,1,0,0,0,1,0,0,0.2,0.2,0.2,0.2,0.2,1,0,0,1,0.2,0.2,0.2,0.2,0.2,0,0,1,0,0,1,0,0,1,0.2,0.2,0.2,0.2,0.2,0,0,1,0,0,1,0,0,1,0.2,0.2,0.2,0.2,0.2,0,0,1,0,0,1,0,1,0,0,0,1,0,0,0.2,0.2,0.2,0.2,0.2,1,0,0,1,0.2,0.2,0.2,0.2,0.2,0,0,1,0,0,1,0,0,1,0.2,0.2,0.2,0.2,0.2,0,0,1,0,0,1,0,0,1,0.2,0.2,0.2,0.2,0.2,0,0,1,0,0,1,0,0,1,0.2,0.2,0.2,0.2,0.2,0,0,1,0,0
1,0,1,0,0,0,1,0,0,0.2,0.2,0.2,0.2,0.2,1,0,1,0,0,0,1,0,0,0.2,0.2,0.2,0.2,0.2,1,0,0,1,0.2,0.2,0.2,0.2,0.2,0,0,1,0,0,1,0,0,1,0.2,0.2,0.2,0.2,0.2,0,0,1,0,0,1,0,0,1,0.2,0.2,0.2,0.2,0.2,0,0,1,0,0,1,0,1,0,0,0,1,0,0,0.2,0.2,0.2,0.2,0.2,1,0,1,0,0,0,1,0,0,0.2,0.2,0.2,0.2,0.2,1,0,0,1,0.2,0.2,0.2,0.2,0.2,0,0,1,0,0,1,0,0,1,0.2,0.2,0.2,0.2,0.2,0,0,1,0,0,1,0,1,0,0,0,1,0,0,0.2,0.2,0.2,0.2,0.2
1,0,0,1,0.2,0.2,0.2,0.2,0.2,0,0,1,0,0,1,0,1,0,0,0,1,0,0,0.2,0.2,0.2,0.2,0.2,1,0,1,0,0,0,1,0,0,0.2,0.2,0.2,0.2,0.2,1,0,0,1,0.2,0.2,0.2,0.2,0.2,0,0,1,0,0,1,0,1,0,0,0,1,0,0,0.2,0.2,0.2,0.2,0.2,1,0,1,0,0,0,1,0,0,0.2,0.2,0.2,0.2,0.2,1,0,0,1,0.2,0.2,0.2,0.2,0.2,0,0,1,0,0,1,0,0,1,0.2,0.2,0.2,0.2,0.2,0,0,1,0,0,1,0,1,0,0,0,1,0,0,0.2,0.2,0.2,0.2,0.2,1,0,1,0,0,0,1,0,0,0.2,0.2,0.2,0.2,0.2
1,0,1,0,0,0,1,0,0,0.2,0.2,0.2,0.2,0.2,1,0,1,0,0,0,1,0,0,0.2,0.2,0.2,0.2,0.2,1,0,0,1,0.2,0.2,0.2,0.2,0.2,0,0,1,0,0,1,0,0,1,0.2,0.2,0.2,0.2,0.2,0,0,1,0,0,1,0,1,0,0,0,1,0,0,0.2,0.2,0.2,0.2,0.2,1,0,0,1,0.2,0.2,0.2,0.2,0.2,0,0,1,0,0,1,0,0,1,0.2,0.2,0.2,0.2,0.2,0,0,1,0,0,1,0,0,1,0.2,0.2,0.2,0.2,0.2,0,0,1,0,0,1,0,1,0,0,0,1,0,0,0.2,0.2,0.2,0.2,0.2,1,0,1,0,0,0,1,0,0,0.2,0.2,0.2,0.2,0.2
1,0,0,1,0.2,0.2,0.2,0.2,0.2,0,0,0,1,0,1,0,0,1,0.2,0.2,0.2,0.2,0.2,0,0,0,1,0,1,0,1,0,0,0,0,1,0,0.2,0.2,0.2,0.2,0.2,1,0,0.403814557581229,0.5961854424187711,0,0,0,1,0,0,0,0,1,0,1,0,0,1,0.2,0.2,0.2,0.2,0.2,0,0,0,1,0,1,0,0,1,0.2,0.2,0.2,0.2,0.2,0,0,0,1,0,1,0,1,0,0,0,0,1,0,0.2,0.2,0.2,0.2,0.2,1,0,1,0,0,0,0,1,0,0.2,0.2,0.2,0.2,0.2,1,0,0,1,0.2,0.2,0.2,0.2,0.2,0,0,0,1,0,1,0,0,1,0.2,0.2,0.2,0.2,0.2,0,0,0,1,0
1,0,0,1,0.2,0.2,0.2,0.2,0.2,0,0,1,0,0,1,0,0,1,0.2,0.2,0.2,0.2,0.2,0,0,1,0,0,1,0,0,1,0.2,0.2,0.2,0.2,0.2,0,0,1,0,0,1,0,0,1,0.2,0.2,0.2,0.2,0.2,0,0,1,0,0,1,0,0,1,0.2,0.2,0.2,0.2,0.2,0,0,1,0,0,1,0,1,0,0,0,1,0,0,0.2,0.2,0.2,0.2,0.2,1,0,0,1,0.2,0.2,0.2,0.2,0.2,0,0,1,0,0,1,0,0,1,0.2,0.2,0.2,0.2,0.2,0,0,1,0,0,1,0,0,1,0.2,0.2,0.2,0.2,0.2,0,0,1,0,0,1,0,1,0,0,0,1,0,0,0.2,0.2,0.2,0.2,0.2
1,0,0,1,0.2,0.2,0.2,0.2,0.2,0,0,1,0,0,1,0,0,1,0.2,0.2,0.2,0.2,0.2,0,0,1,0,0,1,0,0,1,0.2,0.2,0.2,0.2,0.2,0,0,1,0,0,1,0,1,0,0,0,1,0,0,0.2,0.2,0.2,0.2,0.2,1,0,1,0,0,0,1,0,0,0.2,0.2,0.2,0.2,0.2,1,0,0,1,0.2,0.2,0.2,0.2,0.2,0,0,1,0,0,1,0,0,1,0,0,1,0,0,0,0,1,0,0,1,0,0,1,0.2,0.2,0.2,0.2,0.2,0,0,1,0,0,1,0,0,1,0.2,0.2,0.2,0.2,0.2,0,0,1,0,0,1,0,0,1,0.2,0.2,0.2,0.2,0.2,0,0,1,0,0
1,0,0,1,0.2,0.2,0.2,0.2,0.2,0,0,0,1,0,1,0,0,1,0.2,0.2,0.2,0.2,0.2,0,0,0,1,0,1,0,0,1,0.2,0.2,0.2,0.2,0.2,0,0,0,1,0,1,0,0,1,0.2,0.2,0.2,0.2,0.2,0,0,0,1,0,1,0,1,0,0,0,0,1,0,0.2,0.2,0.2,0.2,0.2,1,0,0,1,0.2,0.2,0.2,0.2,0.2,0,0,0,1,0,1,0,1,0,0,0,0,1,0,0.2,0.2,0.2,0.2,0.2,1,0,1,0,0,0,0,1,0,0.2,0.2,0.2,0.2,0.2,1,0,0,1,0.2,0.2,0.2,0.2,0.2,0,0,0,1,0,1,0,1,0,0,0,0,1,0,0.2,0.2,0.2,0.2,0.2
1,0,1,0,0,0,1,0,0,0,0,1,0,0,1,0,0,1,0.2,0.2,0.2,0.2,0.2,0,0,1,0,0,1,0,0,1,0.2,0.2,0.2,0.2,0.2,0,0,1,0,0,1,0,0.8341254586722737,0.1658745413277264,0,0,1,0,0,0,0,1,0,0,1,0,0,1,0.2,0.2,0.2,0.2,0.2,0,0,0.9999999999999994,5.439011025902467E-16,0,1,0,1,0,0,0,1,0,0,0,0,1,0,0,1,0,0.3871587908700712,0.6128412091299288,0,0,1,0,0,0,0,1,0,0,1,0,0,1,0.2,0.2,0.2,0.2,0.2,0,0,1,0,0,1,0,1,0,0,0,1,0,0,0.2,0.2,0.2,0.2,0.2,1,0,1,0,0,0,1,0,0,0.2,0.2,0.2,0.2,0.2
1,0,0,1,0.2,0.2,0.2,0.2,0.2,0,0,1,0,0,1,0,1,0,0,0,1,0,0,0.2,0.2,0.2,0.2,0.2,1,0,1,0,0,0,1,0,0,0.2,0.2,0.2,0.2,0.2,1,0,0,1,0.2,0.2,0.2,0.2,0.2,0,0,1,0,0,1,0,1,0,0,0,1,0,0,0.2,0.2,0.2,0.2,0.2,1,0,0,1,0.2,0.2,0.2,0.2,0.2,0,0,1,0,0,1,0,0,1,0.2,0.2,0.2,0.2,0.2,0,0,1,0,0,1,0,1,0,0,0,1,0,0,0.2,0.2,0.2,0.2,0.2,1,0,1,0,0,0,1,0,0,0.2,0.2,0.2,0.2,0.2,1,0,0,1,0.2,0.2,0.2,0.2,0.2,0,0,1,0,0
1,0,0,1,0.2,0.2,0.2,0.2,0.2,0,0,1,0,0,1,0,1,0,0,0,1,0,0,0.2,0.2,0.2,0.2,0.2,1,0,0,1,0.2,0.2,0.2,0.2,0.2,0,0,1,0,0,1,0,0,1,0.2,0.2,0.2,0.2,0.2,0,0,1,0,0,1,0,0,1,0.2,0.2,0.2,0.2,0.2,0,0,1,0,0,1,0,0,1,0.2,0.2,0.2,0.2,0.2,0,0,1,0,0,1,0,0,1,0.2,0.2,0.2,0.2,0.2,0,0,1,0,0,1,0,1,0,0,0,1,0,0,0,0,1,0,0,1,0,0,1,0.2,0.2,0.2,0.2,0.2,0,0,1,0,0,1,0,1,0,0,0,1,0,0,0.2,0.2,0.2,0.2,0.2
1,0,0.3479026254194047,0.6520973745805952,0,0,1,0,0,0,0,1,0,0,1,0,1,0,0,0,1,0,0,0.2,0.2,0.2,0.2,0.2,1,0,0,1,0.2,0.2,0.2,0.2,0.2,0,0,1,0,0,1,0,1,0,0,0,1,0,0,0.2,0.2,0.2,0.2,0.2,1,0,1,0,0,0,1,0,0,0.2,0.2,0.2,0.2,0.2,1,0,1,1.5728977360363627E-17,0,0,1,0,0,1,0,0,0,0,1,0,1,0,0,0,1,0,0,0.2,0.2,0.2,0.2,0.2,1,0,1,0,0,0,1,0,0,0.2,0.2,0.2,0.2,0.2,1,0,0,1,0.2,0.2,0.2,0.2,0.2,0,0,1,0,0,1,0,0,1,0.2,0.2,0.2,0.2,0.2,0,0,1,0,0
1,0,0,1,0.2,0.2,0.2,0.2,0.2,0,0,1,0,0,1,0,0,1,0.2,0.2,0.2,0.2,0.2,0,0,1,0,0,1,0,0,1,0.2,0.2,0.2,0.2,0.2,0,0,1,0,0,1,0,0,1,0.2,0.2,0.2,0.2,0.2,0,0,1,0,0,1,0,0,1,0.2,0.2,0.2,0.2,0.2,0,0,1,0,0,1,0,0,1,0.2,0.2,0.2,0.2,0.2,0,0,1,0,0,1,0,0,1,0.2,0.2,0.2,0.2,0.2,0,0,1,0,0,1,0,0,1,0.2,0.2,0.2,0.2,0.2,0,0,1,0,0,1,0,0,1,0.2,0.2,0.2,0.2,0.2,0,0,1,0,0,1,0,0,1,0.2,0.2,0.2,0.2,0.2,0,0,1,0,0
1,0,0,1,0.2,0.2,0.2,0.2,0.2,0,1,0,0,0,1,0,0,1,0.2,0.2,0.2,0.2,0.2,0,1,0,0,0,1,0,0,1,0.2,0.2,0.2,0.2,0.2,0,1,0,0,0,1,0,0,1,0.2,0.2,0.2,0.2,0.2,0,1,0,0,0,1,0,0,1,0.2,0.2,0.2,0.2,0.2,0,1,0,0,0,1,0,0,1,0.2,0.2,0.2,0.2,0.2,0,1,0,0,0,1,0,0,1,0.2,0.2,0.2,0.2,0.2,0,1,0,0,0,1,0,0,1,0.2,0.2,0.2,0.2,0.2,0,1,0,0,0,1,0,0,1,0.2,0.2,0.2,0.2,0.2,0,1,0,0,0,1,0,0,1,0.2,0.2,0.2,0.2,0.2,0,1,0,0,0
1,0,0,1,0.2,0.2,0.2,0.2,0.2,0,0,0,1,0,1,0,0,1,0.2,0.2,0.2,0.2,0.2,0,0,0,1,0,1,0,0,1,0.2,0.2,0.2,0.2,0.2,0,0,0,1,0,1,0,0,1,0.2,0.2,0.2,0.2,0.2,0,0,0,1,0,1,0,0,1,0.2,0.2,0.2,0.2,0.2,0,0,0,1,0,1,0,0,1,0.2,0.2,0.2,0.2,0.2,0,0,0,1,0,1,0,0,1,0.2,0.2,0.2,0.2,0.2,0,0,0,1,0,1,0,0,1,0.2,0.2,0.2,0.2,0.2,0,0,0,1,0,1,0,0,1,0.2,0.2,0.2,0.2,0.2,0,0,0,1,0,1,0,0,1,0.2,0.2,0.2,0.2,0.2,0,0,0,1,0
