0,1,0.5,0.5,0.2,0.2,0.2,0.2,0.2,0.2,0.2,0.2,0.2,0.2,0,1,0.5,0.5,0.2,0.2,0.2,0.2,0.2,0.2,0.2,0.2,0.2,0.2,1,0,0,1,0.2,0.2,0.2,0.2,0.2,1,0,0,0,0,1,0,0,1,0.2,0.2,0.2,0.2,0.2,0,0,0,0,1,1,0,0,1,0.2,0.2,0.2,0.2,0.2,0,0,0,0,1,1,0,0,1,0.2,0.2,0.2,0.2,0.2,1,0,0,0,0,1,0,0,1,0.2,0.2,0.2,0.2,0.2,1,0,0,0,0,0,1,0.5,0.5,0.2,0.2,0.2,0.2,0.2,0.2,0.2,0.2,0.2,0.2,0,1,0.5,0.5,0.2,0.2,0.2,0.2,0.2,0.2,0.2,0.2,0.2,0.2,0,1,0.5,0.5,0.2,0.2,0.2,0.2,0.2,0.2,0.2,0.2,0.2,0.2
0,1,0.5,0.5,0.2,0.2,0.2,0.2,0.2,0.2,0.2,0.2,0.2,0.2,0,1,0.5,0.5,0.2,0.2,0.2,0.2,0.2,0.2,0.2,0.2,0.2,0.2,1,0,0,1,1,0,0,0,0,1,0,0,0,0,1,0,0,1,0.2,0.2,0.2,0.2,0.2,0,0,0,1,0,1,0,0,1,0.2,0.2,0.2,0.2,0.2,0,0.751556387439136,0,0,0.24844361256086397,1,0,0,1,0.2,0.2,0.2,0.2,0.2,1,0,0,0,0,1,0,0,1,0.2,0.2,0.2,0.2,0.2,0.9999999999999997,3.676038904197722E-16,0,0,0,0,1,0.5,0.5,0.2,0.2,0.2,0.2,0.2,0.2,0.2,0.2,0.2,0.2,0,1,0.5,0.5,0.2,0.2,0.2,0.2,0.2,0.2,0.2,0.2,0.2,0.2,0,1,0.5,0.5,0.2,0.2,0.2,0.2,0.2,0.2,0.2,0.2,0.2,0.2
0,1,0.5,0.5,0.2,0.2,0.2,0.2,0.2,0.2,0.2,0.2,0.2,0.2,0,1,0.5,0.5,0.2,0.2,0.2,0.2,0.2,0.2,0.2,0.2,0.2,0.2,1,0,0,1,0.2,0.2,0.2,0.2,0.2,1,0,0,0,0,1,0,0,1,0.2,0.2,0.2,0.2,0.2,0,0,1,0,0,1,0,0,1,0.2,0.2,0.2,0.2,0.2,0,0.7515563874391362,0,0.24844361256086375,0,1,0,0,1,0.2,0.2,0.2,0.2,0.2,1,0,0,0,0,1,0,0,1,0.2,0.2,0.2,0.2,0.2,0.9999999999999991,8.55433841418289E-16,0,0,0,0,1,0.5,0.5,0.2,0.2,0.2,0.2,0.2,0.2,0.2,0.2,0.2,0.2,0,1,0.5,0.5,0.2,0.2,0.2,0.2,0.2,0.2,0.2,0.2,0.2,0.2,0,1,0.5,0.5,0.2,0.2,0.2,0.2,0.2,0.2,0.2,0.2,0.2,0.2
0,1,0.5,0.5,0.2,0.2,0.2,0.2,0.2,0.2,0.2,0.2,0.2,0.2,0,1,0.5,0.5,0.2,0.2,0.2,0.2,0.2,0.2,0.2,0.2,0.2,0.2,1,0,0,1,0.2,0.2,0.2,0.2,0.2,1,0,0,0,0,1,0,0,1,0.2,0.2,0.2,0.2,0.2,0,0,0,1,0,1,0,0,1,0.2,0.2,0.2,0.2,0.2,0,0,0,1,0,1,0,0,1,0.2,0.2,0.2,0.2,0.2,1,0,0,0,0,1,0,0,1,0.2,0.2,0.2,0.2,0.2,1,0,0,0,0,0,1,0.5,0.5,0.2,0.2,0.2,0.2,0.2,0.2,0.2,0.2,0.2,0.2,0,1,0.5,0.5,0.2,0.2,0.2,0.2,0.2,0.2,0.2,0.2,0.2,0.2,0,1,0.5,0.5,0.2,0.2,0.2,0.2,0.2,0.2,0.2,0.2,0.2,0.2
0,1,0.5,0.5,0.2,0.2,0.2,0.2,0.2,0.2,0.2,0.2,0.2,0.2,0,1,0.5,0.5,0.2,0.2,0.2,0.2,0.2,0.2,0.2,0.2,0.2,0.2,1,0,0,1,0.2,0.2,0.2,0.2,0.2,1,0,0,0,0,1,0,0,1,0.2,0.2,0.2,0.2,0.2,0,0.913774160370959,0,0,0.0862258396290411,1,0,0,1,0.2,0.2,0.2,0.2,0.2,0,0.11418408085185021,0.8479962918660603,0.0378196272820895,0,1,0,0,1,0.2,0.2,0.2,0.2,0.2,1,0,0,0,0,1,0,4.4390342096170723E-16,0.9999999999999997,0,1,0,0,0,0.9999999999999971,2.879256214279974E-15,0,0,0,1.8809223605912934E-16,0.9999999999999998,1,0,0,0,1,0,0,0.2,0.2,0.2,0.2,0.2,0,1,0.5,0.5,0.2,0.2,0.2,0.2,0.2,0.2,0.2,0.2,0.2,0.2,0,1,0.5,0.5,0.2,0.2,0.2,0.2,0.2,0.2,0.2,0.2,0.2,0.2
0,1,0.5,0.5,0.2,0.2,0.2,0.2,0.2,0.2,0.2,0.2,0.2,0.2,0,1,0.5,0.5,0.2,0.2,0.2,0.2,0.2,0.2,0.2,0.2,0.2,0.2,1,0,0,1,0.2,0.2,0.2,0.2,0.2,1,0,0,0,0,1,0,0,1,0.2,0.2,0.2,0.2,0.2,0,0,0,0,1,1,0,0,1,0.2,0.2,0.2,0.2,0.2,0,0.7515563874391366,0,0,0.24844361256086353,1,0,0,1,0.2,0.2,0.2,0.2,0.2,1,0,0,0,0,1,0,0,1,0.2,0.2,0.2,0.2,0.2,0.9999999999999971,2.9655944110199058E-15,0,0,0,0,1,0.5,0.5,0.2,0.2,0.2,0.2,0.2,0.2,0.2,0.2,0.2,0.2,0,1,0.5,0.5,0.2,0.2,0.2,0.2,0.2,0.2,0.2,0.2,0.2,0.2,0,1,0.5,0.5,0.2,0.2,0.2,0.2,0.2,0.2,0.2,0.2,0.2,0.2
0,1,0.5,0.5,0.2,0.2,0.2,0.2,0.2,0.2,0.2,0.2,0.2,0.2,0,1,0.5,0.5,0.2,0.2,0.2,0.2,0.2,0.2,0.2,0.2,0.2,0.2,1,0,0,1,1,0,0,0,0,1,0,0,0,0,1,0,0,1,0.2,0.2,0.2,0.2,0.2,0,0.9062305374693488,0,0,0.09376946253065127,1,0,0,1,0.2,0.2,0.2,0.2,0.2,0,0,1,0,0,1,0,0,1,0.2,0.2,0.2,0.2,0.2,1,0,0,0,0,1,0,0,1,0.2,0.2,0.2,0.2,0.2,1,0,0,0,0,5.342032662057377E-16,0.9999999999999996,1,0,0,0,1,0,0,0,0,1,0,0,0,1,0.5,0.5,0.2,0.2,0.2,0.2,0.2,0.2,0.2,0.2,0.2,0.2,0,1,0.5,0.5,0.2,0.2,0.2,0.2,0.2,0.2,0.2,0.2,0.2,0.2
0,1,0.5,0.5,0.2,0.2,0.2,0.2,0.2,0.2,0.2,0.2,0.2,0.2,0,1,0.5,0.5,0.2,0.2,0.2,0.2,0.2,0.2,0.2,0.2,0.2,0.2,1,0,0,1,0.2,0.2,0.2,0.2,0.2,1,0,0,0,0,1,0,0,1,0.2,0.2,0.2,0.2,0.2,0,0.9137741603709544,0.08622583962904569,0,0,1,0,0,1,0.2,0.2,0.2,0.2,0.2,0,0.11418408085185323,0,0.8858159191481467,0,1,0,0,1,0.2,0.2,0.2,0.2,0.2,1,0,0,0,0,1,0,9.386289771554305E-16,0.9999999999999992,0,1,0,0,0,0.9999999999999951,4.8871268178776975E-15,0,0,0,0,1,0.5,0.5,0.2,0.2,0.2,0.2,0.2,0.2,0.2,0.2,0.2,0.2,0,1,0.5,0.5,0.2,0.2,0.2,0.2,0.2,0.2,0.2,0.2,0.2,0.2,0,1,0.5,0.5,0.2,0.2,0.2,0.2,0.2,0.2,0.2,0.2,0.2,0.2
0,1,0.5,0.5,0.2,0.2,0.2,0.2,0.2,0.2,0.2,0.2,0.2,0.2,0,1,0.5,0.5,0.2,0.2,0.2,0.2,0.2,0.2,0.2,0.2,0.2,0.2,1,0,0,1,1,0,0,0,0,1,0,0,0,0,1,0,0,1,0.2,0.2,0.2,0.2,0.2,0,0,0,0,1,1,0,0,1,0.2,0.2,0.2,0.2,0.2,0,0.7515563874391338,0.24844361256086642,0,0,1,0,0,1,0.2,0.2,0.2,0.2,0.2,1,0,0,0,0,1,0,0,1,0.2,0.2,0.2,0.2,0.2,0.9999999999999993,7.010777399562396E-16,0,0,0,0,1,0.5,0.5,0.2,0.2,0.2,0.2,0.2,0.2,0.2,0.2,0.2,0.2,0,1,0.5,0.5,0.2,0.2,0.2,0.2,0.2,0.2,0.2,0.2,0.2,0.2,0,1,0.5,0.5,0.2,0.2,0.2,0.2,0.2,0.2,0.2,0.2,0.2,0.2
0,1,0.5,0.5,0.2,0.2,0.2,0.2,0.2,0.2,0.2,0.2,0.2,0.2,0,1,0.5,0.5,0.2,0.2,0.2,0.2,0.2,0.2,0.2,0.2,0.2,0.2,1,0,0,1,0.2,0.2,0.2,0.2,0.2,1,0,0,0,0,1,0,0,1,0.2,0.2,0.2,0.2,0.2,0,0.9526056882429784,0.04739431175702159,0,0,1,0,0,1,0.2,0.2,0.2,0.2,0.2,0,0,0,1,0,1,0,0,1,0.2,0.2,0.2,0.2,0.2,1,0,0,0,0,1,0,1.236360753360671E-15,0.9999999999999988,0,1,0,0,0,1,0,0,0,0,0,1,0.5,0.5,0.2,0.2,0.2,0.2,0.2,0.2,0.2,0.2,0.2,0.2,0,1,0.5,0.5,0.2,0.2,0.2,0.2,0.2,0.2,0.2,0.2,0.2,0.2,0,1,0.5,0.5,0.2,0.2,0.2,0.2,0.2,0.2,0.2,0.2,0.2,0.2
0,1,0.5,0.5,0.2,0.2,0.2,0.2,0.2,0.2,0.2,0.2,0.2,0.2,0,1,0.5,0.5,0.2,0.2,0.2,0.2,0.2,0.2,0.2,0.2,0.2,0.2,1,0,0,1,0.2,0.2,0.2,0.2,0.2,1,0,0,0,0,1,0,0,1,0.2,0.2,0.2,0.2,0.2,0,0,0,1,0,1,0,0,1,0.2,0.2,0.2,0.2,0.2,0,0.7515563874391363,0.2484436125608637,0,0,1,0,0,1,0.2,0.2,0.2,0.2,0.2,1,0,0,0,0,1,0,0,1,0.2,0.2,0.2,0.2,0.2,0.9999999999999992,7.701499564084999E-16,0,0,0,0,1,0.5,0.5,0.2,0.2,0.2,0.2,0.2,0.2,0.2,0.2,0.2,0.2,0,1,0.5,0.5,0.2,0.2,0.2,0.2,0.2,0.2,0.2,0.2,0.2,0.2,0,1,0.5,0.5,0.2,0.2,0.2,0.2,0.2,0.2,0.2,0.2,0.2,0.2
0,1,0.5,0.5,0.2,0.2,0.2,0.2,0.2,0.2,0.2,0.2,0.2,0.2,0,1,0.5,0.5,0.2,0.2,0.2,0.2,0.2,0.2,0.2,0.2,0.2,0.2,1,0,0,1,0.2,0.2,0.2,0.2,0.2,1,0,0,0,0,1,0,0,1,0.2,0.2,0.2,0.2,0.2,0,0,0,1,0,1,0,0,1,0.2,0.2,0.2,0.2,0.2,0,0.7515563874391351,0,0.24844361256086506,0,1,0,0,1,0.2,0.2,0.2,0.2,0.2,1,0,0,0,0,1,0,0,1,0.2,0.2,0.2,0.2,0.2,0.9999999999999967,3.4345726838725947E-15,0,0,0,0,1,0.5,0.5,0.2,0.2,0.2,0.2,0.2,0.2,0.2,0.2,0.2,0.2,0,1,0.5,0.5,0.2,0.2,0.2,0.2,0.2,0.2,0.2,0.2,0.2,0.2,0,1,0.5,0.5,0.2,0.2,0.2,0.2,0.2,0.2,0.2,0.2,0.2,0.2
0,1,0.5,0.5,0.2,0.2,0.2,0.2,0.2,0.2,0.2,0.2,0.2,0.2,0,1,0.5,0.5,0.2,0.2,0.2,0.2,0.2,0.2,0.2,0.2,0.2,0.2,1,0,0,1,1,0,0,0,0,1,0,0,0,0,1,0,0,1,0.2,0.2,0.2,0.2,0.2,0,0.9062305374693495,0,0,0.09376946253065072,1,0,0,1,0.2,0.2,0.2,0.2,0.2,0,0,1,0,0,1,0,0,1,0.2,0.2,0.2,0.2,0.2,1,0,0,0,0,1,0,0,1,0.2,0.2,0.2,0.2,0.2,1,0,0,0,0,2.4172657792643904E-16,0.9999999999999999,1,0,0,0,1,0,0,0.2,0.2,0.2,0.2,0.2,0,1,0.5,0.5,0.2,0.2,0.2,0.2,0.2,0.2,0.2,0.2,0.2,0.2,0,1,0.5,0.5,0.2,0.2,0.2,0.2,0.2,0.2,0.2,0.2,0.2,0.2
0,1,0.5,0.5,0.2,0.2,0.2,0.2,0.2,0.2,0.2,0.2,0.2,0.2,0,1,0.5,0.5,0.2,0.2,0.2,0.2,0.2,0.2,0.2,0.2,0.2,0.2,1,0,0,1,0.2,0.2,0.2,0.2,0.2,1,0,0,0,0,1,0,0,1,0.2,0.2,0.2,0.2,0.2,0,0.9137741603709637,0,0.0862258396290363,0,1,0,0,1,0.2,0.2,0.2,0.2,0.2,0,0.1141840808518493,0,0.8858159191481507,0,1,0,0,1,0.2,0.2,0.2,0.2,0.2,1,0,0,0,0,1,0,6.96555418749936E-16,0.9999999999999993,0,1,0,0,0,0.9999999999999992,8.216661408986413E-16,0,0,0,0,1,0.5,0.5,0.2,0.2,0.2,0.2,0.2,0.2,0.2,0.2,0.2,0.2,0,1,0.5,0.5,0.2,0.2,0.2,0.2,0.2,0.2,0.2,0.2,0.2,0.2,0,1,0.5,0.5,0.2,0.2,0.2,0.2,0.2,0.2,0.2,0.2,0.2,0.2
0,1,0.5,0.5,0.2,0.2,0.2,0.2,0.2,0.2,0.2,0.2,0.2,0.2,0,1,0.5,0.5,0.2,0.2,0.2,0.2,0.2,0.2,0.2,0.2,0.2,0.2,1,0,0,1,0.2,0.2,0.2,0.2,0.2,1,0,0,0,0,1,0,0,1,0.2,0.2,0.2,0.2,0.2,0,0,1,0,0,1,0,0,1,0.2,0.2,0.2,0.2,0.2,0,0.7515563874391362,0,0,0.24844361256086372,1,0,0,1,0.2,0.2,0.2,0.2,0.2,1,0,0,0,0,1,0,0,1,0.2,0.2,0.2,0.2,0.2,0.9999999999999978,2.2165924285745575E-15,0,0,0,0,1,0.5,0.5,0.2,0.2,0.2,0.2,0.2,0.2,0.2,0.2,0.2,0.2,0,1,0.5,0.5,0.2,0.2,0.2,0.2,0.2,0.2,0.2,0.2,0.2,0.2,0,1,0.5,0.5,0.2,0.2,0.2,0.2,0.2,0.2,0.2,0.2,0.2,0.2
0,1,0.5,0.5,0.2,0.2,0.2,0.2,0.2,0.2,0.2,0.2,0.2,0.2,0,1,0.5,0.5,0.2,0.2,0.2,0.2,0.2,0.2,0.2,0.2,0.2,0.2,1,0,0,1,0.2,0.2,0.2,0.2,0.2,1,0,0,0,0,1,0,0,1,0.2,0.2,0.2,0.2,0.2,0,0,0,0,1,1,0,0,1,0.2,0.2,0.2,0.2,0.2,0,0,0,0,1,1,0,0,1,0.2,0.2,0.2,0.2,0.2,1,0,0,0,0,1,0,0,1,0.2,0.2,0.2,0.2,0.2,1,0,0,0,0,0,1,0.5,0.5,0.2,0.2,0.2,0.2,0.2,0.2,0.2,0.2,0.2,0.2,0,1,0.5,0.5,0.2,0.2,0.2,0.2,0.2,0.2,0.2,0.2,0.2,0.2,0,1,0.5,0.5,0.2,0.2,0.2,0.2,0.2,0.2,0.2,0.2,0.2,0.2
0,1,0.5,0.5,0.2,0.2,0.2,0.2,0.2,0.2,0.2,0.2,0.2,0.2,0,1,0.5,0.5,0.2,0.2,0.2,0.2,0.2,0.2,0.2,0.2,0.2,0.2,1,0,0,1,0.2,0.2,0.2,0.2,0.2,1,0,0,0,0,1,0,0,1,0.2,0.2,0.2,0.2,0.2,0,0.9526056882429814,0,0,0.04739431175701864,1,0,0,1,0.2,0.2,0.2,0.2,0.2,0,0,0,1,0,1,0,0,1,0.2,0.2,0.2,0.2,0.2,1,0,0,0,0,1,0,8.130365217774349E-16,0.9999999999999992,0,1,0,0,0,1,0,0,0,0,0,1,0.5,0.5,0.2,0.2,0.2,0.2,0.2,0.2,0.2,0.2,0.2,0.2,0,1,0.5,0.5,0.2,0.2,0.2,0.2,0.2,0.2,0.2,0.2,0.2,0.2,0,1,0.5,0.5,0.2,0.2,0.2,0.2,0.2,0.2,0.2,0.2,0.2,0.2
0,1,0.5,0.5,0.2,0.2,0.2,0.2,0.2,0.2,0.2,0.2,0.2,0.2,0,1,0.5,0.5,0.2,0.2,0.2,0.2,0.2,0.2,0.2,0.2,0.2,0.2,1,0,0,1,0.2,0.2,0.2,0.2,0.2,1,0,0,0,0,1,0,0,1,0.2,0.2,0.2,0.2,0.2,0,0.90623053746935,0,0,0.09376946253065001,1,0,0,1,0.2,0.2,0.2,0.2,0.2,0,0,1,0,0,1,0,0,1,0.2,0.2,0.2,0.2,0.2,1,0,0,0,0,1,0,0,1,0.2,0.2,0.2,0.2,0.2,1,0,0,0,0,1.773382258902393E-16,0.9999999999999998,1,0,0,0,1,0,0,0.2,0.2,0.2,0.2,0.2,0,1,0.5,0.5,0.2,0.2,0.2,0.2,0.2,0.2,0.2,0.2,0.2,0.2,0,1,0.5,0.5,0.2,0.2,0.2,0.2,0.2,0.2,0.2,0.2,0.2,0.2
0,1,0.5,0.5,0.2,0.2,0.2,0.2,0.2,0.2,0.2,0.2,0.2,0.2,0,1,0.5,0.5,0.2,0.2,0.2,0.2,0.2,0.2,0.2,0.2,0.2,0.2,1,0,0,1,0.2,0.2,0.2,0.2,0.2,1,0,0,0,0,1,0,0,1,0.2,0.2,0.2,0.2,0.2,0,0.9526056882429836,0.04739431175701651,0,0,1,0,0,1,0.2,0.2,0.2,0.2,0.2,0,0,0.8294808269446343,0.1705191730553657,0,1,0,0,1,0.2,0.2,0.2,0.2,0.2,1,0,0,0,0,1,0,8.038465022911997E-17,0.9999999999999999,0,1,0,0,0,1,0,0,0,0,2.7435141432928403E-16,0.9999999999999998,1,0,0,0,1,0,0,0.2,0.2,0.2,0.2,0.2,0,1,0.5,0.5,0.2,0.2,0.2,0.2,0.2,0.2,0.2,0.2,0.2,0.2,0,1,0.5,0.5,0.2,0.2,0.2,0.2,0.2,0.2,0.2,0.2,0.2,0.2
0,1,0.5,0.5,0.2,0.2,0.2,0.2,0.2,0.2,0.2,0.2,0.2,0.2,0,1,0.5,0.5,0.2,0.2,0.2,0.2,0.2,0.2,0.2,0.2,0.2,0.2,1,0,0,1,0.2,0.2,0.2,0.2,0.2,1,0,0,0,0,1,0,0,1,0.2,0.2,0.2,0.2,0.2,0,0,0,0,1,1,0,0,1,0.2,0.2,0.2,0.2,0.2,0,0,1,0,0,1,0,0,1,0.2,0.2,0.2,0.2,0.2,1,0,0,0,0,1,0,0,1,0.2,0.2,0.2,0.2,0.2,1,0,0,0,0,0,1,0.5,0.5,0.2,0.2,0.2,0.2,0.2,0.2,0.2,0.2,0.2,0.2,0,1,0.5,0.5,0.2,0.2,0.2,0.2,0.2,0.2,0.2,0.2,0.2,0.2,0,1,0.5,0.5,0.2,0.2,0.2,0.2,0.2,0.2,0.2,0.2,0.2,0.2
0,1,0.5,0.5,0.2,0.2,0.2,0.2,0.2,0.2,0.2,0.2,0.2,0.2,0,1,0.5,0.5,0.2,0.2,0.2,0.2,0.2,0.2,0.2,0.2,0.2,0.2,1,0,0,1,1,0,0,0,0,1,0,0,0,0,1,0,0,1,0.2,0.2,0.2,0.2,0.2,0,0,0,0,1,1,0,0,1,0.2,0.2,0.2,0.2,0.2,0,0.7515563874391353,0,0,0.24844361256086478,1,0,0,1,0.2,0.2,0.2,0.2,0.2,1,0,0,0,0,1,0,0,1,0.2,0.2,0.2,0.2,0.2,0.9999999999999993,6.919539880406332E-16,0,0,0,0,1,0.5,0.5,0.2,0.2,0.2,0.2,0.2,0.2,0.2,0.2,0.2,0.2,0,1,0.5,0.5,0.2,0.2,0.2,0.2,0.2,0.2,0.2,0.2,0.2,0.2,0,1,0.5,0.5,0.2,0.2,0.2,0.2,0.2,0.2,0.2,0.2,0.2,0.2
0,1,0.5,0.5,0.2,0.2,0.2,0.2,0.2,0.2,0.2,0.2,0.2,0.2,0,1,0.5,0.5,0.2,0.2,0.2,0.2,0.2,0.2,0.2,0.2,0.2,0.2,1,0,0,1,0.2,0.2,0.2,0.2,0.2,1,0,0,0,0,1,0,0,1,0.2,0.2,0.2,0.2,0.2,0,0,0,1,0,1,0,0,1,0.2,0.2,0.2,0.2,0.2,0,0.7515563874391378,0,0.24844361256086228,0,1,0,0,1,0.2,0.2,0.2,0.2,0.2,1,0,0,0,0,1,0,0,1,0.2,0.2,0.2,0.2,0.2,0.9999999999999997,2.857185672569151E-16,0,0,0,0,1,0.5,0.5,0.2,0.2,0.2,0.2,0.2,0.2,0.2,0.2,0.2,0.2,0,1,0.5,0.5,0.2,0.2,0.2,0.2,0.2,0.2,0.2,0.2,0.2,0.2,0,1,0.5,0.5,0.2,0.2,0.2,0.2,0.2,0.2,0.2,0.2,0.2,0.2
0,1,0.5,0.5,0.2,0.2,0.2,0.2,0.2,0.2,0.2,0.2,0.2,0.2,0,1,0.5,0.5,0.2,0.2,0.2,0.2,0.2,0.2,0.2,0.2,0.2,0.2,1,0,0,1,0.2,0.2,0.2,0.2,0.2,1,0,0,0,0,1,0,0,1,0.2,0.2,0.2,0.2,0.2,0,0,0.9966536489890284,0.00334635101097173,0,1,0,0,1,0.2,0.2,0.2,0.2,0.2,0,0.751556387439135,0.24844361256086517,0,0,1,0,0,1,0.2,0.2,0.2,0.2,0.2,1,0,0,0,0,1,0,0,1,0.2,0.2,0.2,0.2,0.2,0.9999999999999979,2.068808358919346E-15,0,0,0,1.1313641638540712E-17,1,1,0,0,0,1,0,0,0.2,0.2,0.2,0.2,0.2,0,1,0.5,0.5,0.2,0.2,0.2,0.2,0.2,0.2,0.2,0.2,0.2,0.2,0,1,0.5,0.5,0.2,0.2,0.2,0.2,0.2,0.2,0.2,0.2,0.2,0.2
0,1,0.5,0.5,0.2,0.2,0.2,0.2,0.2,0.2,0.2,0.2,0.2,0.2,0,1,0,1,0.2,0.2,0.2,0.2,0.2,1,0,0,0,0,1,0,0,1,0.2,0.2,0.2,0.2,0.2,1,0,0,0,0,1,0,0,1,0.2,0.2,0.2,0.2,0.2,0,0.9526056882429834,0.047394311757016555,0,0,1,0,0,1,0.2,0.2,0.2,0.2,0.2,0,0,0,1,0,1,0,0,1,0.2,0.2,0.2,0.2,0.2,1,0,0,0,0,1,0,6.031642066976486E-16,0.9999999999999994,0,1,0,0,0,1,0,0,0,0,0,1,0.5,0.5,0.2,0.2,0.2,0.2,0.2,0.2,0.2,0.2,0.2,0.2,0,1,0.5,0.5,0.2,0.2,0.2,0.2,0.2,0.2,0.2,0.2,0.2,0.2,0,1,0.5,0.5,0.2,0.2,0.2,0.2,0.2,0.2,0.2,0.2,0.2,0.2
0,1,0.5,0.5,0.2,0.2,0.2,0.2,0.2,0.2,0.2,0.2,0.2,0.2,0,1,0.5,0.5,0.2,0.2,0.2,0.2,0.2,0.2,0.2,0.2,0.2,0.2,1,0,0,1,0.2,0.2,0.2,0.2,0.2,1,0,0,0,0,1,0,0,1,0.2,0.2,0.2,0.2,0.2,0,0,1,0,0,1,0,0,1,0.2,0.2,0.2,0.2,0.2,0,0,1,0,0,1,0,0,1,0.2,0.2,0.2,0.2,0.2,1,0,0,0,0,1,0,0,1,0.2,0.2,0.2,0.2,0.2,1,0,0,0,0,0,1,0.5,0.5,0.2,0.2,0.2,0.2,0.2,0.2,0.2,0.2,0.2,0.2,0,1,0.5,0.5,0.2,0.2,0.2,0.2,0.2,0.2,0.2,0.2,0.2,0.2,0,1,0.5,0.5,0.2,0.2,0.2,0.2,0.2,0.2,0.2,0.2,0.2,0.2
0,1,0.5,0.5,0.2,0.2,0.2,0.2,0.2,0.2,0.2,0.2,0.2,0.2,0,1,0.5,0.5,0.2,0.2,0.2,0.2,0.2,0.2,0.2,0.2,0.2,0.2,1,0,0,1,0.2,0.2,0.2,0.2,0.2,1,0,0,0,0,1,0,0,1,0.2,0.2,0.2,0.2,0.2,0,0,1,0,0,1,0,0,1,0.2,0.2,0.2,0.2,0.2,0,0.7515563874391359,0,0,0.2484436125608641,1,0,0,1,0.2,0.2,0.2,0.2,0.2,1,0,0,0,0,1,0,0,1,0.2,0.2,0.2,0.2,0.2,1,9.960869571356347E-17,0,0,0,0,1,0.5,0.5,0.2,0.2,0.2,0.2,0.2,0.2,0.2,0.2,0.2,0.2,0,1,0.5,0.5,0.2,0.2,0.2,0.2,0.2,0.2,0.2,0.2,0.2,0.2,0,1,0.5,0.5,0.2,0.2,0.2,0.2,0.2,0.2,0.2,0.2,0.2,0.2
0,1,0.5,0.5,0.2,0.2,0.2,0.2,0.2,0.2,0.2,0.2,0.2,0.2,0,1,0.5,0.5,0.2,0.2,0.2,0.2,0.2,0.2,0.2,0.2,0.2,0.2,1,0,0,1,0.2,0.2,0.2,0.2,0.2,1,0,0,0,0,1,0,0,1,0.2,0.2,0.2,0.2,0.2,0,0.9526056882429826,0,0.04739431175701732,0,1,0,0,1,0.2,0.2,0.2,0.2,0.2,0,0,0.9079086120500437,0.09209138794995643,0,1,0,0,1,0.2,0.2,0.2,0.2,0.2,1,0,0,0,0,1,0,5.050487514681424E-16,0.9999999999999994,0,1,0,0,0,1,0,0,0,0,5.627142257603385E-16,0.9999999999999994,1,0,0,0,1,0,0,0.2,0.2,0.2,0.2,0.2,0,1,0.5,0.5,0.2,0.2,0.2,0.2,0.2,0.2,0.2,0.2,0.2,0.2,0,1,0.5,0.5,0.2,0.2,0.2,0.2,0.2,0.2,0.2,0.2,0.2,0.2
0,1,0.5,0.5,0.2,0.2,0.2,0.2,0.2,0.2,0.2,0.2,0.2,0.2,0,1,0.5,0.5,0.2,0.2,0.2,0.2,0.2,0.2,0.2,0.2,0.2,0.2,1,0,0,1,0.2,0.2,0.2,0.2,0.2,1,0,0,0,0,1,0,0,1,0.2,0.2,0.2,0.2,0.2,0,0.9137741603709642,0,0.08622583962903593,0,1,0,0,1,0.2,0.2,0.2,0.2,0.2,0,0.11418408085184614,0.8479962918660571,0.03781962728209686,0,1,0,0,1,0.2,0.2,0.2,0.2,0.2,1,0,0,0,0,1,0,4.130331717023832E-17,1,0,1,0,0,0,0.9999999999999961,4.022106556674801E-15,0,0,0,8.571071625982032E-16,0.9999999999999992,1,0,0,0,1,0,0,0.2,0.2,0.2,0.2,0.2,0,1,0.5,0.5,0.2,0.2,0.2,0.2,0.2,0.2,0.2,0.2,0.2,0.2,0,1,0.5,0.5,0.2,0.2,0.2,0.2,0.2,0.2,0.2,0.2,0.2,0.2
0,1,0.5,0.5,0.2,0.2,0.2,0.2,0.2,0.2,0.2,0.2,0.2,0.2,0,1,0.5,0.5,1,0,0,0,0,0.2,0.2,0.2,0.2,0.2,1,0,0,1,0.2,0.2,0.2,0.2,0.2,1,0,0,0,0,1,0,0,1,0.2,0.2,0.2,0.2,0.2,0,0.9526056882429763,0,0.04739431175702371,0,1,0,0,1,0.2,0.2,0.2,0.2,0.2,0,0,0.9079086120500532,0,0.09209138794994684,1,0,0,1,0.2,0.2,0.2,0.2,0.2,1,0,0,0,0,1,0,8.423533990525041E-16,0.9999999999999992,0,1,0,0,0,1,0,0,0,0,5.712124479823391E-17,1,1,0,0,0,1,0,0,0.2,0.2,0.2,0.2,0.2,0,1,0.5,0.5,0.2,0.2,0.2,0.2,0.2,0.2,0.2,0.2,0.2,0.2,0,1,0.5,0.5,0.2,0.2,0.2,0.2,0.2,0.2,0.2,0.2,0.2,0.2
0,1,0.5,0.5,0.2,0.2,0.2,0.2,0.2,0.2,0.2,0.2,0.2,0.2,0,1,0.5,0.5,0.2,0.2,0.2,0.2,0.2,0.2,0.2,0.2,0.2,0.2,1,0,0,1,0.2,0.2,0.2,0.2,0.2,1,0,0,0,0,1,0,0,1,0.2,0.2,0.2,0.2,0.2,0,0,0.99665364898903,0.0033463510109700036,0,1,0,0,1,0.2,0.2,0.2,0.2,0.2,0,0.7515563874391368,0.24844361256086325,0,0,1,0,0,1,0.2,0.2,0.2,0.2,0.2,1,0,0,0,0,1,0,0,1,0.2,0.2,0.2,0.2,0.2,0.9999999999999947,5.2936120564210265E-15,0,0,0,5.235387844234303E-16,0.9999999999999994,1,0,0,0,1,0,0,0.2,0.2,0.2,0.2,0.2,0,1,0.5,0.5,0.2,0.2,0.2,0.2,0.2,0.2,0.2,0.2,0.2,0.2,0,1,0.5,0.5,0.2,0.2,0.2,0.2,0.2,0.2,0.2,0.2,0.2,0.2
0,1,0.5,0.5,0.2,0.2,0.2,0.2,0.2,0.2,0.2,0.2,0.2,0.2,0,1,0.5,0.5,0.2,0.2,0.2,0.2,0.2,0.2,0.2,0.2,0.2,0.2,1,0,0,1,0.2,0.2,0.2,0.2,0.2,1,0,0,0,0,1,0,0,1,0.2,0.2,0.2,0.2,0.2,0,0.95260568824298,0,0.04739431175701999,0,1,0,0,1,0.2,0.2,0.2,0.2,0.2,0,0,0,1,0,1,0,0,1,0.2,0.2,0.2,0.2,0.2,1,0,0,0,0,1,0,3.7935883926627776E-17,1,0,1,0,0,0,1,0,0,0,0,0,1,0.5,0.5,0.2,0.2,0.2,0.2,0.2,0.2,0.2,0.2,0.2,0.2,0,1,0.5,0.5,0.2,0.2,0.2,0.2,0.2,0.2,0.2,0.2,0.2,0.2,0,1,0.5,0.5,0.2,0.2,0.2,0.2,0.2,0.2,0.2,0.2,0.2,0.2
0,1,0.5,0.5,0.2,0.2,0.2,0.2,0.2,0.2,0.2,0.2,0.2,0.2,0,1,0.5,0.5,0.2,0.2,0.2,0.2,0.2,0.2,0.2,0.2,0.2,0.2,1,0,0,1,0.2,0.2,0.2,0.2,0.2,1,0,0,0,0,1,0,0,1,0.2,0.2,0.2,0.2,0.2,0,0.8932898358905739,0,0.10671016410942617,0,1,0,0,1,0.2,0.2,0.2,0.2,0.2,0,0.12847222961898602,0.871527770381014,0,0,1,0,0,1,0.2,0.2,0.2,0.2,0.2,1,0,0,0,0,1,0,0,1,0.2,0.2,0.2,0.2,0.2,0.9999999999999986,1.447416059958351E-15,0,0,0,1.1971808610508433E-16,1,1,0,0,0,1,0,0,0.2,0.2,0.2,0.2,0.2,0,1,0.5,0.5,0.2,0.2,0.2,0.2,0.2,0.2,0.2,0.2,0.2,0.2,0,1,0.5,0.5,0.2,0.2,0.2,0.2,0.2,0.2,0.2,0.2,0.2,0.2
0,1,0.5,0.5,0.2,0.2,0.2,0.2,0.2,0.2,0.2,0.2,0.2,0.2,0,1,0.5,0.5,0.2,0.2,0.2,0.2,0.2,0.2,0.2,0.2,0.2,0.2,1,0,0,1,0.2,0.2,0.2,0.2,0.2,1,0,0,0,0,1,0,0,1,0.2,0.2,0.2,0.2,0.2,0,0,0,0,1,1,0,0,1,0.2,0.2,0.2,0.2,0.2,0,0,0,0,1,1,0,0,1,0.2,0.2,0.2,0.2,0.2,1,0,0,0,0,1,0,0,1,0.2,0.2,0.2,0.2,0.2,1,0,0,0,0,0,1,0.5,0.5,0.2,0.2,0.2,0.2,0.2,0.2,0.2,0.2,0.2,0.2,0,1,0.5,0.5,0.2,0.2,0.2,0.2,0.2,0.2,0.2,0.2,0.2,0.2,0,1,0.5,0.5,0.2,0.2,0.2,0.2,0.2,0.2,0.2,0.2,0.2,0.2
