0,1,0.5,0.5,0.2,0.2,0.2,0.2,0.2,0.2,0.2,0.2,0.2,0.2,0,1,0.5,0.5,0.2,0.2,0.2,0.2,0.2,0.2,0.2,0.2,0.2,0.2,1,0,0.02471508647403255,0.9752849135259675,0,0,1,0,0,1,0,0,0,0,1,0,0,1,0.2,0.2,0.2,0.2,0.2,0,0,0,0,1,1,0,0,1,0.2,0.2,0.2,0.2,0.2,0,0,0,0,1,1,0,0,1,0.2,0.2,0.2,0.2,0.2,1,0,0,0,0,1,0,0.22680393668647106,0.7731960633135291,1,0,0,0,0,1,0,0,0,0,0,1,0.5,0.5,0.2,0.2,0.2,0.2,0.2,0.2,0.2,0.2,0.2,0.2,0,1,0.5,0.5,0.2,0.2,0.2,0.2,0.2,0.2,0.2,0.2,0.2,0.2,0,1,0.5,0.5,0.2,0.2,0.2,0.2,0.2,0.2,0.2,0.2,0.2,0.2
0,1,0.5,0.5,0.2,0.2,0.2,0.2,0.2,0.2,0.2,0.2,0.2,0.2,0,1,0.5,0.5,0.2,0.2,0.2,0.2,0.2,0.2,0.2,0.2,0.2,0.2,1,0,0.024715086474031138,0.9752849135259689,0,1,0,0,0,1,0,0,0,0,1,0,0,1,0.2,0.2,0.2,0.2,0.2,0,0,0,0,1,1,0,0,1,0.2,0.2,0.2,0.2,0.2,0,0,1,0,0,1,0,0,1,0.2,0.2,0.2,0.2,0.2,1,0,0,0,0,1,0,0.2268039366864698,0.7731960633135303,1,0,0,0,0,1,0,0,0,0,0,1,0.5,0.5,0.2,0.2,0.2,0.2,0.2,1,0,0,0,0,0,1,0.5,0.5,0.2,0.2,0.2,0.2,0.2,0.2,0.2,0.2,0.2,0.2,0,1,0.5,0.5,0.2,0.2,0.2,0.2,0.2,0.2,0.2,0.2,0.2,0.2
0,1,0.5,0.5,0.2,0.2,0.2,0.2,0.2,0.2,0.2,0.2,0.2,0.2,0,1,0.5,0.5,0.2,0.2,0.2,0.2,0.2,0.2,0.2,0.2,0.2,0.2,1,0,0.024715086474030666,0.9752849135259694,0,0,0,0,1,1,0,0,0,0,1,0,0,1,0.2,0.2,0.2,0.2,0.2,0,0.34824701670729136,0,0,0.6517529832927086,1,0,0,1,0.2,0.2,0.2,0.2,0.2,0,0,0,0,1,1,0,0,1,0.2,0.2,0.2,0.2,0.2,1,0,0,0,0,1,0,0.22680393668647056,0.7731960633135296,1,0,0,0,0,1,0,0,0,0,1.5022509164239253E-16,1,1,0,0,1,0,0,0,0.2,0.2,0.2,0.2,0.2,0,1,0.5,0.5,0.2,0.2,0.2,0.2,0.2,0.2,0.2,0.2,0.2,0.2,0,1,0.5,0.5,0.2,0.2,0.2,0.2,0.2,0.2,0.2,0.2,0.2,0.2
0,1,0.5,0.5,0.2,0.2,0.2,0.2,0.2,0.2,0.2,0.2,0.2,0.2,0,1,0.5,0.5,0.2,0.2,0.2,0.2,0.2,0.2,0.2,0.2,0.2,0.2,1,0,0.024715086474033518,0.9752849135259665,0,0,0,0,1,1,0,0,0,0,1,0,0,1,0.2,0.2,0.2,0.2,0.2,0,0,0,0,1,1,0,0,1,0.2,0.2,0.2,0.2,0.2,0,0,0,1,0,1,0,0,1,0.2,0.2,0.2,0.2,0.2,1,0,0,0,0,1,0,0.22680393668647053,0.7731960633135295,1,0,0,0,0,1,0,0,0,0,0,1,0.5,0.5,1,0,0,0,0,0.2,0.2,0.2,0.2,0.2,0,1,0.5,0.5,0.2,0.2,0.2,0.2,0.2,0.2,0.2,0.2,0.2,0.2,0,1,0.5,0.5,0.2,0.2,0.2,0.2,0.2,0.2,0.2,0.2,0.2,0.2
0,1,0.5,0.5,0.2,0.2,0.2,0.2,0.2,0.2,0.2,0.2,0.2,0.2,0,1,0.5,0.5,0.2,0.2,0.2,0.2,0.2,0.2,0.2,0.2,0.2,0.2,1,0,0.024715086474033317,0.9752849135259667,0,0,0,0,1,1,0,0,0,0,1,0,0,1,0.2,0.2,0.2,0.2,0.2,0,0.3482470167072918,0.37786428560799207,0.2738886976847161,0,1,0,0,1,0.2,0.2,0.2,0.2,0.2,0,0,1,0,0,1,0,0,1,0.2,0.2,0.2,0.2,0.2,1,0,0,0,0,1,0,0.2268039366864707,0.7731960633135293,1,0,0,0,0,1,0,0,0,0,8.593033192445534E-17,0.9999999999999999,1,0,0,0.7674486947890043,0.23255130521099568,0,0,0.2,0.2,0.2,0.2,0.2,0,1,0.5,0.5,0.2,0.2,0.2,0.2,0.2,0.2,0.2,0.2,0.2,0.2,0,1,0.5,0.5,0.2,0.2,0.2,0.2,0.2,0.2,0.2,0.2,0.2,0.2
0,1,0.5,0.5,0.2,0.2,0.2,0.2,0.2,0.2,0.2,0.2,0.2,0.2,0,1,0.5,0.5,0.2,0.2,0.2,0.2,0.2,0.2,0.2,0.2,0.2,0.2,1,0,0.02471508647403172,0.9752849135259684,0,0,0,1,0,1,0,0,0,0,1,0,0,1,0.2,0.2,0.2,0.2,0.2,0,0.34824701670729064,0,0,0.6517529832927094,1,0,0,1,0.2,0.2,0.2,0.2,0.2,0,0,0,0,1,1,0,0,1,0.2,0.2,0.2,0.2,0.2,1,0,0,0,0,1,0,0.22680393668647061,0.7731960633135294,1,0,0,0,0,1,0,0,0,0,4.976854340206682E-17,1,1,0,0,1,0,0,0,0.2,0.2,0.2,0.2,0.2,0,1,0.5,0.5,0.2,0.2,0.2,0.2,0.2,0.2,0.2,0.2,0.2,0.2,0,1,0.5,0.5,0.2,0.2,0.2,0.2,0.2,0.2,0.2,0.2,0.2,0.2
0,1,0.5,0.5,0.2,0.2,0.2,0.2,0.2,0.2,0.2,0.2,0.2,0.2,0,1,0.5,0.5,0.2,0.2,0.2,0.2,0.2,0.2,0.2,0.2,0.2,0.2,1,0,0.02471508647403197,0.975284913525968,0,0,0,1,0,1,0,0,0,0,1,0,0,1,0.2,0.2,0.2,0.2,0.2,0,0,0,1,0,1,0,0,1,0.2,0.2,0.2,0.2,0.2,0,1,0,0,0,1,0,0,1,0.2,0.2,0.2,0.2,0.2,1,0,0,0,0,1,0,0.22680393668646998,0.77319606331353,1,0,0,0,0,1,0,0,0,0,0,1,0.5,0.5,0.2,0.2,0.2,0.2,0.2,0.2,0.2,0.2,0.2,0.2,0,1,0.5,0.5,0.2,0.2,0.2,0.2,0.2,0.2,0.2,0.2,0.2,0.2,0,1,0.5,0.5,0.2,0.2,0.2,0.2,0.2,0.2,0.2,0.2,0.2,0.2
0,1,0.5,0.5,0.2,0.2,0.2,0.2,0.2,0.2,0.2,0.2,0.2,0.2,0,1,0.5,0.5,0.2,0.2,0.2,0.2,0.2,0.2,0.2,0.2,0.2,0.2,1,0,0.024715086474032373,0.9752849135259676,0,0,1,0,0,1,0,0,0,0,1,0,0,1,0.2,0.2,0.2,0.2,0.2,0,0,0.7689527648906266,0.23104723510937356,0,1,0,0,1,0.2,0.2,0.2,0.2,0.2,0,1,0,0,0,1,0,0,1,0.2,0.2,0.2,0.2,0.2,1,0,0,0,0,1,0,0.22680393668647092,0.7731960633135291,1,0,0,0,0,1,0,0,0,0,3.9576600547303286E-17,1,1,0,0,0,1,0,0,0.2,0.2,0.2,0.2,0.2,0,1,0.5,0.5,0.2,0.2,0.2,0.2,0.2,0.2,0.2,0.2,0.2,0.2,0,1,0.5,0.5,0.2,0.2,0.2,0.2,0.2,0.2,0.2,0.2,0.2,0.2
0,1,0,1,0.2,0.2,0.2,0.2,0.2,1,0,0,0,0,0,1,0.5,0.5,0.2,0.2,0.2,0.2,0.2,0.2,0.2,0.2,0.2,0.2,1,0,0.024715086474031044,0.9752849135259689,0,0,1,0,0,1,0,0,0,0,1,0,0,1,0.2,0.2,0.2,0.2,0.2,0,0.3482470167072894,0.37786428560799334,0.2738886976847173,0,1,0,0,1,0.2,0.2,0.2,0.2,0.2,0,0,1,0,0,1,0,0,1,0.2,0.2,0.2,0.2,0.2,1,0,0,0,0,1,0,0.22680393668647025,0.7731960633135297,1,0,0,0,0,1,0,0,0,0,4.217395633084799E-16,0.9999999999999996,1,0,0,0.8364499225025956,0.16355007749740433,0,0,0.2,0.2,0.2,0.2,0.2,0,1,0.5,0.5,0.2,0.2,0.2,0.2,0.2,0.2,0.2,0.2,0.2,0.2,0,1,0.5,0.5,0.2,0.2,0.2,0.2,0.2,0.2,0.2,0.2,0.2,0.2
0,1,0.5,0.5,0.2,0.2,0.2,0.2,0.2,0.2,0.2,0.2,0.2,0.2,0,1,0.5,0.5,0.2,0.2,0.2,0.2,0.2,0.2,0.2,0.2,0.2,0.2,1,0,0.02471508647403168,0.9752849135259684,0,1,0,0,0,1,0,0,0,0,1,0,0,1,0.2,0.2,0.2,0.2,0.2,0,0.3322365152962419,0,0,0.6677634847037582,1,0,0,1,0.2,0.2,0.2,0.2,0.2,0,0,0,0,1,1,0,0,1,0.2,0.2,0.2,0.2,0.2,1,0,0,0,0,1,0,0.2268039366864704,0.7731960633135296,1,0,0,0,0,1,0,0,0,0,2.1322418836718013E-16,0.9999999999999998,1,0,0,1,0,0,0,0.2,0.2,0.2,0.2,0.2,0,1,0.5,0.5,0.2,0.2,0.2,0.2,0.2,0.2,0.2,0.2,0.2,0.2,0,1,0.5,0.5,0.2,0.2,0.2,0.2,0.2,0.2,0.2,0.2,0.2,0.2
0,1,0.5,0.5,0.2,0.2,0.2,0.2,0.2,0.2,0.2,0.2,0.2,0.2,0,1,1,0,0.2,0.2,0.2,0.2,0.2,0.2,0.2,0.2,0.2,0.2,1,0,1,0,0.97528491352597,0,0.024715086474030076,0,0,1,0,0,0,0,1,0,0,1,0.2,0.2,0.2,0.2,0.2,0,0,0.7689527648906234,0.23104723510937664,0,1,0,0,1,0.2,0.2,0.2,0.2,0.2,0,1,0,0,0,1,0,0,1,0.2,0.2,0.2,0.2,0.2,1,0,0,0,0,1,0,0.22680393668647442,0.7731960633135256,1,0,0,0,0,1,0,0,0,0,4.931590005190784E-16,0.9999999999999996,1,0,0,0,1,0,0,0.2,0.2,0.2,0.2,0.2,0,1,0.5,0.5,0.2,0.2,0.2,0.2,0.2,0.2,0.2,0.2,0.2,0.2,0,1,0.5,0.5,0.2,0.2,0.2,0.2,0.2,0.2,0.2,0.2,0.2,0.2
0,1,0.5,0.5,0.2,0.2,0.2,0.2,0.2,0.2,0.2,0.2,0.2,0.2,0,1,0.5,0.5,0.2,0.2,0.2,0.2,0.2,0.2,0.2,0.2,0.2,0.2,1,0,0.02471508647403177,0.9752849135259682,0,0,0,1,0,1,0,0,0,0,1,0,0,1,0.2,0.2,0.2,0.2,0.2,0,0.3482470167072905,0,0.6517529832927096,0,1,0,0,1,0.2,0.2,0.2,0.2,0.2,0,0,1,0,0,1,0,0,1,0.2,0.2,0.2,0.2,0.2,1,0,0,0,0,1,0,0.22680393668647109,0.7731960633135289,1,0,0,0,0,1,0,0,0,0,5.784482872232065E-17,0.9999999999999999,1,0,0,1,0,0,0,0.2,0.2,0.2,0.2,0.2,0,1,0.5,0.5,0.2,0.2,0.2,0.2,0.2,0.2,0.2,0.2,0.2,0.2,0,1,0.5,0.5,0.2,0.2,0.2,0.2,0.2,0.2,0.2,0.2,0.2,0.2
0,1,0.5,0.5,0.2,0.2,0.2,0.2,0.2,0.2,0.2,0.2,0.2,0.2,0,1,0.5,0.5,0.2,0.2,0.2,0.2,0.2,0.2,0.2,0.2,0.2,0.2,1,0,0.024715086474033584,0.9752849135259665,0,0,1,0,0,1,0,0,0,0,1,0,0,1,0.2,0.2,0.2,0.2,0.2,0,0,0.9298004094873162,0.07019959051268379,0,1,0,0,1,0.2,0.2,0.2,0.2,0.2,0,0,0,0,1,1,0,0,1,0.2,0.2,0.2,0.2,0.2,1,0,0,0,0,1,0,0.22680393668647086,0.7731960633135292,1,0,0,0,0,1,0,0,0,0,2.1659108857273665E-16,0.9999999999999998,1,0,0,0,1,0,0,0.2,0.2,0.2,0.2,0.2,0,1,0.5,0.5,0.2,0.2,0.2,0.2,0.2,0.2,0.2,0.2,0.2,0.2,0,1,0.5,0.5,0.2,0.2,0.2,0.2,0.2,0.2,0.2,0.2,0.2,0.2
0,1,0.5,0.5,0.2,0.2,0.2,0.2,0.2,0.2,0.2,0.2,0.2,0.2,0,1,0.5,0.5,0.2,0.2,0.2,0.2,0.2,0.2,0.2,0.2,0.2,0.2,1,0,0.02471508647403177,0.9752849135259682,0,1,0,0,0,1,0,0,0,0,1,0,0,1,0.2,0.2,0.2,0.2,0.2,0,0.19819681146566892,0,0,0.8018031885343311,1,0,0,1,0.2,0.2,0.2,0.2,0.2,0,1,0,0,0,1,0,0,1,0.2,0.2,0.2,0.2,0.2,1,0,0,0,0,1,0,0.22680393668647086,0.7731960633135291,1,0,0,0,0,1,0,0,0,0,1.1358037381186998E-17,1,1,0,0,1,0,0,0,0.2,0.2,0.2,0.2,0.2,0,1,0.5,0.5,0.2,0.2,0.2,0.2,0.2,0.2,0.2,0.2,0.2,0.2,0,1,0.5,0.5,0.2,0.2,0.2,0.2,0.2,0.2,0.2,0.2,0.2,0.2
0,1,0.5,0.5,0.2,0.2,0.2,0.2,0.2,1,0,0,0,0,0,1,0.5,0.5,0.2,0.2,0.2,0.2,0.2,0.2,0.2,0.2,0.2,0.2,1,0,0.024715086474030975,0.9752849135259691,0,0,0,1,0,1,0,0,0,0,1,0,0,1,0.2,0.2,0.2,0.2,0.2,0,0.34824701670728986,0,0.6517529832927101,0,1,0,0,1,0.2,0.2,0.2,0.2,0.2,0,0,0,0,1,1,0,0,1,0.2,0.2,0.2,0.2,0.2,1,0,0,0,0,1,0,0.22680393668647034,0.7731960633135299,1,0,0,0,0,1,0,0,0,0,1.0891324676346552E-16,0.9999999999999999,1,0,0,1,0,0,0,0.2,0.2,0.2,0.2,0.2,0,1,0.5,0.5,0.2,0.2,0.2,0.2,0.2,0.2,0.2,0.2,0.2,0.2,0,1,0.5,0.5,0.2,0.2,0.2,0.2,0.2,0.2,0.2,0.2,0.2,0.2
0,1,0.5,0.5,0.2,0.2,0.2,0.2,0.2,0.2,0.2,0.2,0.2,0.2,0,1,0.5025627970522948,0.49743720294770516,1,0,0,0,0,0.2,0.2,0.2,0.2,0.2,1,0,0.02471508647403532,0.9752849135259647,0,0,0,1,0,1,0,0,0,0,1,0,0,1,0.2,0.2,0.2,0.2,0.2,0,0.3482470167072963,0.5119039894385621,0,0.13984899385414162,1,0,0,1,0.2,0.2,0.2,0.2,0.2,0,0,0,0,1,1,0,0,1,0.2,0.2,0.2,0.2,0.2,1,0,0,0,0,1,0,0.2268039366864701,0.77319606331353,1,0,0,0,0,1,0,0,0,0,1.0309021239103295E-15,0.999999999999999,1,0,0,0.7527815529436589,0.24721844705634113,0,0,0.2,0.2,0.2,0.2,0.2,0,1,0.5,0.5,0.2,0.2,0.2,0.2,0.2,0.2,0.2,0.2,0.2,0.2,0,1,0.5,0.5,0.2,0.2,0.2,0.2,0.2,0.2,0.2,0.2,0.2,0.2
0,1,0.5,0.5,0.2,0.2,0.2,0.2,0.2,0.2,0.2,0.2,0.2,0.2,0,1,0.5,0.5,0.2,0.2,0.2,0.2,0.2,0.2,0.2,0.2,0.2,0.2,1,0,0.024715086474031107,0.9752849135259689,0,0,0,0,1,1,0,0,0,0,1,0,0,1,0.2,0.2,0.2,0.2,0.2,0,0.34824701670728947,0,0.6517529832927106,0,1,0,0,1,0.2,0.2,0.2,0.2,0.2,0,0,0,0,1,1,0,0,1,0.2,0.2,0.2,0.2,0.2,1,0,0,0,0,1,0,0.22680393668647056,0.7731960633135295,1,0,0,0,0,1,0,0,0,0,1.5240413269379978E-17,1,1,0,0,1,0,0,0,0.2,0.2,0.2,0.2,0.2,0,1,0.5,0.5,0.2,0.2,0.2,0.2,0.2,0.2,0.2,0.2,0.2,0.2,0,1,0.5,0.5,0.2,0.2,0.2,0.2,0.2,0.2,0.2,0.2,0.2,0.2
0,1,0.5,0.5,0.2,0.2,0.2,0.2,0.2,0.2,0.2,0.2,0.2,0.2,0,1,0.5,0.5,0.2,0.2,0.2,0.2,0.2,0.2,0.2,0.2,0.2,0.2,1,0,0.02471508647403449,0.9752849135259656,0,1,0,0,0,1,0,0,0,0,1,0,0,1,0.2,0.2,0.2,0.2,0.2,0,0,0.7577454139028932,0,0.24225458609710684,1,0,0,1,0.2,0.2,0.2,0.2,0.2,0,1,0,0,0,1,0,0,1,0.2,0.2,0.2,0.2,0.2,1,0,0,0,0,1,0,0.22680393668647086,0.7731960633135293,1,0,0,0,0,1,0,0,0,0,2.967037410125037E-17,1,1,0,0,0,1,0,0,0.2,0.2,0.2,0.2,0.2,0,1,0.5,0.5,0.2,0.2,0.2,0.2,0.2,0.2,0.2,0.2,0.2,0.2,0,1,0.5,0.5,0.2,0.2,0.2,0.2,0.2,0.2,0.2,0.2,0.2,0.2
0,1,0.5,0.5,0.2,0.2,0.2,0.2,0.2,0.2,0.2,0.2,0.2,0.2,0,1,0.5,0.5,0.2,0.2,0.2,0.2,0.2,0.2,0.2,0.2,0.2,0.2,1,0,0.024715086474034607,0.9752849135259654,0,1,0,0,0,1,0,0,0,0,1,0,0,1,0.2,0.2,0.2,0.2,0.2,0,0,0.7577454139028922,0,0.24225458609710782,1,0,0,1,0.2,0.2,0.2,0.2,0.2,0,1,0,0,0,1,0,0,1,0.2,0.2,0.2,0.2,0.2,1,0,0,0,0,1,0,0.22680393668647048,0.7731960633135295,1,0,0,0,0,1,0,0,0,0,3.183569342777926E-17,1,1,0,0,0,1,0,0,0.2,0.2,0.2,0.2,0.2,0,1,0.5,0.5,0.2,0.2,0.2,0.2,0.2,0.2,0.2,0.2,0.2,0.2,0,1,0.5,0.5,0.2,0.2,0.2,0.2,0.2,0.2,0.2,0.2,0.2,0.2
0,1,0.5,0.5,1,0,0,0,0,0.2,0.2,0.2,0.2,0.2,0,1,0.5,0.5,0.2,0.2,0.2,0.2,0.2,0.2,0.2,0.2,0.2,0.2,1,0,0.02471508647403355,0.9752849135259665,0,0,1,0,0,1,0,0,0,0,1,0,0,1,0.2,0.2,0.2,0.2,0.2,0,0,0,0,1,1,0,0,1,0.2,0.2,0.2,0.2,0.2,0,0,1,0,0,1,0,0,1,0.2,0.2,0.2,0.2,0.2,1,0,0,0,0,1,0,0.22680393668647045,0.7731960633135297,1,0,0,0,0,1,0,0,0,0,0,1,0.5,0.5,0.2,0.2,0.2,0.2,0.2,0.2,0.2,0.2,0.2,0.2,0,1,0.5,0.5,0.2,0.2,0.2,0.2,0.2,0.2,0.2,0.2,0.2,0.2,0,1,0.5,0.5,0.2,0.2,0.2,0.2,0.2,0.2,0.2,0.2,0.2,0.2
0,1,0.5,0.5,0.2,0.2,0.2,0.2,0.2,0.2,0.2,0.2,0.2,0.2,0,1,0.5,0.5,0.2,0.2,0.2,0.2,0.2,0.2,0.2,0.2,0.2,0.2,1,0,0.024715086474033466,0.9752849135259666,0,1,0,0,0,1,0,0,0,0,1,0,0,1,0.2,0.2,0.2,0.2,0.2,0,0.19819681146566917,0,0,0.8018031885343309,1,0,0,1,0.2,0.2,0.2,0.2,0.2,0,1,0,0,0,1,0,0,1,0.2,0.2,0.2,0.2,0.2,1,0,0,0,0,1,0,0.22680393668647017,0.7731960633135299,1,0,0,0,0,1,0,0,0,0,1.3762003490814427E-16,1,1,0,0,1,0,0,0,0.2,0.2,0.2,0.2,0.2,0,1,0.5,0.5,0.2,0.2,0.2,0.2,0.2,0.2,0.2,0.2,0.2,0.2,0,1,0.5,0.5,0.2,0.2,0.2,0.2,0.2,0.2,0.2,0.2,0.2,0.2
0,1,0.5,0.5,0.2,0.2,0.2,0.2,0.2,0.2,0.2,0.2,0.2,0.2,0,1,0.5,0.5,0.2,0.2,0.2,0.2,0.2,0.2,0.2,0.2,0.2,0.2,1,0,0.024715086474031474,0.9752849135259687,0,0,0,0,1,1,0,0,0,0,1,0,0,1,0.2,0.2,0.2,0.2,0.2,0,0.34824701670729086,0.5119039894385666,0.13984899385414246,0,1,0,0,1,0.2,0.2,0.2,0.2,0.2,0,0,0,0,1,1,0,0,1,0.2,0.2,0.2,0.2,0.2,1,0,0,0,0,1,0,0.22680393668647092,0.7731960633135292,1,0,0,0,0,1,0,0,0,0,9.098229436950564E-17,0.9999999999999999,1,0,0,0.7825560866929716,0.21744391330702859,0,0,0.2,0.2,0.2,0.2,0.2,0,1,0.5,0.5,0.2,0.2,0.2,0.2,0.2,0.2,0.2,0.2,0.2,0.2,0,1,0.5,0.5,0.2,0.2,0.2,0.2,0.2,0.2,0.2,0.2,0.2,0.2
0,1,0.5,0.5,0.2,0.2,0.2,0.2,0.2,0.2,0.2,0.2,0.2,0.2,0,1,0.5,0.5,0.2,0.2,0.2,0.2,0.2,0.2,0.2,0.2,0.2,0.2,1,0,0.024715086474029493,0.9752849135259705,0,0,1,0,0,1,0,0,0,0,1,0,0,1,0.2,0.2,0.2,0.2,0.2,0,0,0.7689527648906136,0,0.23104723510938638,1,0,0,1,0.2,0.2,0.2,0.2,0.2,0,1,0,0,0,1,0,0,1,0.2,0.2,0.2,0.2,0.2,1,0,0,0,0,1,0,0.22680393668646603,0.773196063313534,1,0,0,0,0,1,0,0,0,0,3.1293603719555085E-16,0.9999999999999997,1,0,0,0,1,0,0,0,0,1,0,0,0,1,0.5,0.5,0.2,0.2,0.2,0.2,0.2,0.2,0.2,0.2,0.2,0.2,0,1,0.5,0.5,0.2,0.2,0.2,0.2,0.2,0.2,0.2,0.2,0.2,0.2
0,1,0.5,0.5,0.2,0.2,0.2,0.2,0.2,0.2,0.2,0.2,0.2,0.2,0,1,0.815422826566082,0.18457717343391797,1,0,0,0,0,0.2,0.2,0.2,0.2,0.2,1,0,0.024715086474033036,0.975284913525967,0,0,0,0,1,1,0,0,0,0,1,0,0,1,0.2,0.2,0.2,0.2,0.2,0,0.21420731287671843,0.5119039894385657,0.27388869768471574,0,1,0,0,1,0.2,0.2,0.2,0.2,0.2,0,1,0,0,0,1,0,0,1,0.2,0.2,0.2,0.2,0.2,1,0,0,0,0,1,0,0.2268039366864711,0.7731960633135287,1,0,0,0,0,1,0,0,0,0,6.293242416849E-16,0.9999999999999993,1,0,0,0.536028722080232,0.463971277919768,0,0,0.2,0.2,0.2,0.2,0.2,0,1,0.5,0.5,0.2,0.2,0.2,0.2,0.2,0.2,0.2,0.2,0.2,0.2,0,1,0.5,0.5,0.2,0.2,0.2,0.2,0.2,0.2,0.2,0.2,0.2,0.2
0,1,0.5,0.5,0.2,0.2,0.2,0.2,0.2,0.2,0.2,0.2,0.2,0.2,0,1,0.5,0.5,0.2,0.2,0.2,0.2,0.2,0.2,0.2,0.2,0.2,0.2,1,0,0.02471508647403186,0.9752849135259681,0,0,1,0,0,1,0,0,0,0,1,0,0,1,0.2,0.2,0.2,0.2,0.2,0,0,0,0,1,1,0,0,1,0.2,0.2,0.2,0.2,0.2,0,0,0,0,1,1,0,0,1,0.2,0.2,0.2,0.2,0.2,1,0,0,0,0,1,0,0.22680393668646906,0.773196063313531,1,0,0,0,0,1,0,0,0,0,0,1,0.5,0.5,1,0,0,0,0,0.2,0.2,0.2,0.2,0.2,0,1,0.5,0.5,0.2,0.2,0.2,0.2,0.2,0.2,0.2,0.2,0.2,0.2,0,1,0.5,0.5,0.2,0.2,0.2,0.2,0.2,0.2,0.2,0.2,0.2,0.2
0,1,0.5,0.5,0.2,0.2,0.2,0.2,0.2,0.2,0.2,0.2,0.2,0.2,0,1,1,0,1,0,0,0,0,1,0,0,0,0,1,0,0.024715086474032623,0.9752849135259675,0,0,0,0,1,1,0,0,0,0,1,0,0,1,0.2,0.2,0.2,0.2,0.2,0,0,0,0,1,1,0,0,1,0.2,0.2,0.2,0.2,0.2,0,1,0,0,0,1,0,0,1,0.2,0.2,0.2,0.2,0.2,1,0,0,0,0,1,0,0.22680393668646967,0.7731960633135303,1,0,0,0,0,1,0,0,0,0,0,1,0.5,0.5,0.2,0.2,0.2,0.2,0.2,0.2,0.2,0.2,0.2,0.2,0,1,0.5,0.5,0.2,0.2,0.2,0.2,0.2,0.2,0.2,0.2,0.2,0.2,0,1,0.5,0.5,0.2,0.2,0.2,0.2,0.2,0.2,0.2,0.2,0.2,0.2
0,1,0.5,0.5,0.2,0.2,0.2,0.2,0.2,0.2,0.2,0.2,0.2,0.2,0,1,0.5,0.5,0.2,0.2,0.2,0.2,0.2,0.2,0.2,0.2,0.2,0.2,1,0,0.024715086474033386,0.9752849135259666,0,0,0,0,1,1,0,0,0,0,1,0,0,1,0.2,0.2,0.2,0.2,0.2,0,0,0,1,0,1,0,0,1,0.2,0.2,0.2,0.2,0.2,0,1,0,0,0,1,0,0,1,0.2,0.2,0.2,0.2,0.2,1,0,0,0,0,1,0,0.2268039366864708,0.7731960633135293,1,0,0,0,0,1,0,0,0,0,0,1,0.5,0.5,0.2,0.2,0.2,0.2,0.2,0.2,0.2,0.2,0.2,0.2,0,1,0.5,0.5,0.2,0.2,0.2,0.2,0.2,0.2,0.2,0.2,0.2,0.2,0,1,0.5,0.5,0.2,0.2,0.2,0.2,0.2,0.2,0.2,0.2,0.2,0.2
0,1,0.5,0.5,0.2,0.2,0.2,0.2,0.2,0.2,0.2,0.2,0.2,0.2,0,1,0.5,0.5,0.2,0.2,0.2,0.2,0.2,0.2,0.2,0.2,0.2,0.2,1,0,0.02471508647403255,0.9752849135259675,0,0,1,0,0,1,0,0,0,0,1,0,0,1,0.2,0.2,0.2,0.2,0.2,0,0,0,0,1,1,0,0,1,0.2,0.2,0.2,0.2,0.2,0,0,0,0,1,1,0,0,1,0.2,0.2,0.2,0.2,0.2,1,0,0,0,0,1,0,0.22680393668647106,0.7731960633135291,1,0,0,0,0,1,0,0,0,0,0,1,0.5,0.5,0.2,0.2,0.2,0.2,0.2,0.2,0.2,0.2,0.2,0.2,0,1,0.5,0.5,0.2,0.2,0.2,0.2,0.2,0.2,0.2,0.2,0.2,0.2,0,1,0.5,0.5,0.2,0.2,0.2,0.2,0.2,0.2,0.2,0.2,0.2,0.2
0,1,0.5,0.5,0.2,0.2,0.2,0.2,0.2,0.2,0.2,0.2,0.2,0.2,0,1,0.5,0.5,0.2,0.2,0.2,0.2,0.2,0.2,0.2,0.2,0.2,0.2,1,0,0.02471508647403255,0.9752849135259675,0,0,1,0,0,1,0,0,0,0,1,0,0,1,0.2,0.2,0.2,0.2,0.2,0,0,0,0,1,1,0,0,1,0.2,0.2,0.2,0.2,0.2,0,0,0,1,0,1,0,0,1,0.2,0.2,0.2,0.2,0.2,1,0,0,0,0,1,0,0.22680393668647106,0.7731960633135291,1,0,0,0,0,1,0,0,0,0,0,1,0.5,0.5,0.2,0.2,0.2,0.2,0.2,0.2,0.2,0.2,0.2,0.2,0,1,0.5,0.5,0.2,0.2,0.2,0.2,0.2,0.2,0.2,0.2,0.2,0.2,0,1,0.5,0.5,0.2,0.2,0.2,0.2,0.2,0.2,0.2,0.2,0.2,0.2
0,1,0.5,0.5,0.2,0.2,0.2,0.2,0.2,0.2,0.2,0.2,0.2,0.2,0,1,0.5,0.5,0.2,0.2,0.2,0.2,0.2,0.2,0.2,0.2,0.2,0.2,1,0,0.02471508647403255,0.9752849135259675,0,0,0,1,0,1,0,0,0,0,1,0,0,1,0.2,0.2,0.2,0.2,0.2,0,0,0,0,1,1,0,0,1,0.2,0.2,0.2,0.2,0.2,0,0,0,1,0,1,0,0,1,0.2,0.2,0.2,0.2,0.2,1,0,0,0,0,1,0,0.22680393668647106,0.7731960633135291,1,0,0,0,0,1,0,0,0,0,0,1,0.5,0.5,0.2,0.2,0.2,0.2,0.2,0.2,0.2,0.2,0.2,0.2,0,1,0.5,0.5,0.2,0.2,0.2,0.2,0.2,0.2,0.2,0.2,0.2,0.2,0,1,0.5,0.5,0.2,0.2,0.2,0.2,0.2,0.2,0.2,0.2,0.2,0.2
0,1,0.5,0.5,0.2,0.2,0.2,0.2,0.2,0.2,0.2,0.2,0.2,0.2,0,1,0.5,0.5,0.2,0.2,0.2,0.2,0.2,0.2,0.2,0.2,0.2,0.2,1,0,0.02471508647403255,0.9752849135259675,0,1,0,0,0,1,0,0,0,0,1,0,0,1,0.2,0.2,0.2,0.2,0.2,0,0,0,1,0,1,0,0,1,0.2,0.2,0.2,0.2,0.2,0,0,0,0,1,1,0,0,1,0.2,0.2,0.2,0.2,0.2,1,0,0,0,0,1,0,0.22680393668647106,0.7731960633135291,1,0,0,0,0,1,0,0,0,0,0,1,0.5,0.5,0.2,0.2,0.2,0.2,0.2,0.2,0.2,0.2,0.2,0.2,0,1,0.5,0.5,0.2,0.2,0.2,0.2,0.2,0.2,0.2,0.2,0.2,0.2,0,1,0.5,0.5,0.2,0.2,0.2,0.2,0.2,0.2,0.2,0.2,0.2,0.2
0,1,0.5,0.5,0.2,0.2,0.2,0.2,0.2,0.2,0.2,0.2,0.2,0.2,0,1,0.5,0.5,0.2,0.2,0.2,0.2,0.2,0.2,0.2,0.2,0.2,0.2,1,0,0.02471508647403255,0.9752849135259675,0,0,1,0,0,1,0,0,0,0,1,0,0,1,0.2,0.2,0.2,0.2,0.2,0,0,0,1,0,1,0,0,1,0.2,0.2,0.2,0.2,0.2,0,0,0,0,1,1,0,0,1,0.2,0.2,0.2,0.2,0.2,1,0,0,0,0,1,0,0.22680393668647106,0.7731960633135291,1,0,0,0,0,1,0,0,0,0,0,1,0.5,0.5,0.2,0.2,0.2,0.2,0.2,0.2,0.2,0.2,0.2,0.2,0,1,0.5,0.5,0.2,0.2,0.2,0.2,0.2,0.2,0.2,0.2,0.2,0.2,0,1,0.5,0.5,0.2,0.2,0.2,0.2,0.2,0.2,0.2,0.2,0.2,0.2
0,1,0.5,0.5,0.2,0.2,0.2,0.2,0.2,0.2,0.2,0.2,0.2,0.2,0,1,0.5,0.5,0.2,0.2,0.2,0.2,0.2,0.2,0.2,0.2,0.2,0.2,1,0,0.02471508647403255,0.9752849135259675,0,0,0,1,0,1,0,0,0,0,1,0,0,1,0.2,0.2,0.2,0.2,0.2,0,0,0,0,1,1,0,0,1,0.2,0.2,0.2,0.2,0.2,0,0,0,0,1,1,0,0,1,0.2,0.2,0.2,0.2,0.2,1,0,0,0,0,1,0,0.22680393668647106,0.7731960633135291,1,0,0,0,0,1,0,0,0,0,0,1,0.5,0.5,0.2,0.2,0.2,0.2,0.2,0.2,0.2,0.2,0.2,0.2,0,1,0.5,0.5,0.2,0.2,0.2,0.2,0.2,0.2,0.2,0.2,0.2,0.2,0,1,0.5,0.5,0.2,0.2,0.2,0.2,0.2,0.2,0.2,0.2,0.2,0.2
0,1,0.5,0.5,0.2,0.2,0.2,0.2,0.2,0.2,0.2,0.2,0.2,0.2,0,1,0.5,0.5,0.2,0.2,0.2,0.2,0.2,0.2,0.2,0.2,0.2,0.2,1,0,0.02471508647403255,0.9752849135259675,0,0,0,1,0,1,0,0,0,0,1,0,0,1,0.2,0.2,0.2,0.2,0.2,0,0,0,1,0,1,0,0,1,0.2,0.2,0.2,0.2,0.2,0,0,0,0,1,1,0,0,1,0.2,0.2,0.2,0.2,0.2,1,0,0,0,0,1,0,0.22680393668647106,0.7731960633135291,1,0,0,0,0,1,0,0,0,0,0,1,0.5,0.5,0.2,0.2,0.2,0.2,0.2,0.2,0.2,0.2,0.2,0.2,0,1,0.5,0.5,0.2,0.2,0.2,0.2,0.2,0.2,0.2,0.2,0.2,0.2,0,1,0.5,0.5,0.2,0.2,0.2,0.2,0.2,0.2,0.2,0.2,0.2,0.2
0,1,0.5,0.5,0.2,0.2,0.2,0.2,0.2,0.2,0.2,0.2,0.2,0.2,0.10436515899281305,0.895634841007187,0,1,0.2,0.2,0.2,0.2,0.2,0,1,0,0,0,1,0,0,1,0.2,0.2,0.2,0.2,0.2,0,0.9196945132217909,0,0.08030548677820924,0,1,0,0,1,0.2,0.2,0.2,0.2,0.2,0,0,0,0,1,1,0,0,1,0.2,0.2,0.2,0.2,0.2,0,0,0,0,1,1,0,0,1,0.2,0.2,0.2,0.2,0.2,0,1,0,0,0,0.5828488634410043,0.4171511365589959,0.6297529213545834,0.3702470786454166,0,1,0,0,0,0,1,0,0,0,0,1,0.5,0.5,0.2,0.2,0.2,0.2,0.2,0.2,0.2,0.2,0.2,0.2,0,1,0.5,0.5,0.2,0.2,0.2,0.2,0.2,0.2,0.2,0.2,0.2,0.2,0,1,0.5,0.5,0.2,0.2,0.2,0.2,0.2,0.2,0.2,0.2,0.2,0.2
0,1,0.5,0.5,0.2,0.2,0.2,0.2,0.2,0.2,0.2,0.2,0.2,0.2,0,1,0.5,0.5,0.2,0.2,0.2,0.2,0.2,0.2,0.2,0.2,0.2,0.2,1,0,0.02471508647403255,0.9752849135259675,0,0,1,0,0,1,0,0,0,0,1,0,0,1,0.2,0.2,0.2,0.2,0.2,0,0,0,1,0,1,0,0,1,0.2,0.2,0.2,0.2,0.2,0,0,0,1,0,1,0,0,1,0.2,0.2,0.2,0.2,0.2,1,0,0,0,0,1,0,0.22680393668647106,0.7731960633135291,1,0,0,0,0,1,0,0,0,0,0,1,0.5,0.5,0.2,0.2,0.2,0.2,0.2,0.2,0.2,0.2,0.2,0.2,0,1,0.5,0.5,0.2,0.2,0.2,0.2,0.2,0.2,0.2,0.2,0.2,0.2,0,1,0.5,0.5,0.2,0.2,0.2,0.2,0.2,0.2,0.2,0.2,0.2,0.2
0,1,0.5,0.5,0.2,0.2,0.2,0.2,0.2,0.2,0.2,0.2,0.2,0.2,0.10436515899281305,0.895634841007187,0,1,0.2,0.2,0.2,0.2,0.2,0,1,0,0,0,1,0,0,1,0.2,0.2,0.2,0.2,0.2,0,0.9196945132217909,0,0.08030548677820924,0,1,0,0,1,0.2,0.2,0.2,0.2,0.2,0,0,0,0,1,1,0,0,1,0.2,0.2,0.2,0.2,0.2,0,0,0,1,0,1,0,0,1,0.2,0.2,0.2,0.2,0.2,0,1,0,0,0,0.5828488634410043,0.4171511365589959,0.6297529213545834,0.3702470786454166,0,1,0,0,0,0,1,0,0,0,0,1,0.5,0.5,0.2,0.2,0.2,0.2,0.2,0.2,0.2,0.2,0.2,0.2,0,1,0.5,0.5,0.2,0.2,0.2,0.2,0.2,0.2,0.2,0.2,0.2,0.2,0,1,0.5,0.5,0.2,0.2,0.2,0.2,0.2,0.2,0.2,0.2,0.2,0.2
0,1,0.5,0.5,0.2,0.2,0.2,0.2,0.2,0.2,0.2,0.2,0.2,0.2,0.10436515899281305,0.895634841007187,0,1,0.2,0.2,0.2,0.2,0.2,0,1,0,0,0,1,0,0,1,0.2,0.2,0.2,0.2,0.2,0,0.9196945132217909,0,0,0.08030548677820924,1,0,0,1,0.2,0.2,0.2,0.2,0.2,0,0,0,0,1,1,0,0,1,0.2,0.2,0.2,0.2,0.2,0,0,0,0,1,1,0,0,1,0.2,0.2,0.2,0.2,0.2,0,1,0,0,0,0.5828488634410043,0.4171511365589959,0.6297529213545834,0.3702470786454166,0,1,0,0,0,0,1,0,0,0,0,1,0.5,0.5,0.2,0.2,0.2,0.2,0.2,0.2,0.2,0.2,0.2,0.2,0,1,0.5,0.5,0.2,0.2,0.2,0.2,0.2,0.2,0.2,0.2,0.2,0.2,0,1,0.5,0.5,0.2,0.2,0.2,0.2,0.2,0.2,0.2,0.2,0.2,0.2
